index;file6;relation;STRING
1;.\sounds\taunts\yes-3.wav;;Yes.
2;.\sounds\taunts\no-2.wav;;No.
3;.\sounds\taunts\maybe-2.wav;;Maybe.
4;.\sounds\taunts\need_food-2.wav;NEED_FOOD;I need Food.
5;.\sounds\taunts\needtimber-2.wav;NEED_TIMBER;I need Timber.
6;.\sounds\taunts\need_metal-1.wav;NEED_METAL;I need Metal.
7;.\sounds\taunts\needwealth-3.wav;NEED_WEALTH;I need Wealth.
8;.\sounds\taunts\needoil-2.wav;NEED_OIL;I need Oil.
9;.\sounds\taunts\needknowledge-1.wav;;I need Knowledge.
10;.\sounds\taunts\ask_resources-2.wav;NEED;Do you need resources?
11;.\sounds\taunts\help_here-3.wav;HELP;Little help here...
12;.\sounds\taunts\noob_rush-1.wav;HELP;This noob's rushing me.
13;.\sounds\taunts\buildtroops-1.wav;BUILD_TROOPS;Build more troops.
14;.\sounds\taunts\build_wonder-3.wav;BUILD_WONDER;Build a wonder.
15;.\sounds\taunts\work_econ-1.wav;BUILD_ECON;Work on your economy.
16;.\sounds\taunts\work_airforce-2.wav;BUILD_AIR;Work on your air force.
17;.\sounds\taunts\work_navy-3.wav;BUILD_NAVY;Work on your navy.
18;.\sounds\taunts\signal_attack-3.wav;BUILD_ECON;Wait for my signal to attack.
19;.\sounds\taunts\attack-3.wav;ATTACK;Attack!
20;.\sounds\taunts\get_em-2.wav;ATTACK;Let's get 'em.
21;.\sounds\taunts\guard_artillery-2.wav;GUARD;Guard my artillery.
22;.\sounds\taunts\move_troops-2.wav;HELP;Move troops here.
23;.\sounds\taunts\grab_territory-1.wav;;Grab some territory.
24;.\sounds\taunts\gonna_boom-2.wav;BOOMING;Gonna boom.
25;.\sounds\taunts\gonna_rush-1.wav;RUSHING;Gonna rush.
26;.\sounds\taunts\wanna_ally-3.wav;;Wanna ally?
27;.\sounds\taunts\wanna_peace-3.wav;;Wanna make peace?
28;.\sounds\taunts\means_war-3.wav;;Of course you realize, this means war...
29;.\sounds\taunts\pay_die-1.wav;;Pay up or die.
30;.\sounds\taunts\prepare_crushed-1.wav;;Prepare to be crushed.
31;.\sounds\taunts\who_attack-3.wav;;Who we gonna attack?
32;.\sounds\taunts\when_attack-2.wav;;When shall we attack?
33;.\sounds\taunts\where_enemy-1.wav;;Where's the enemy?
34;.\sounds\taunts\airpower-3.wav;;They've got air power.
35;.\sounds\taunts\ships_ahoy-3.wav;;Ships ahoy!
36;.\sounds\taunts\spy_spy-3.wav;;I spy a spy.
37;.\sounds\taunts\rare_resources-3.wav;;Rare resources for the taking.
38;.\sounds\taunts\city_down-1.wav;;The city is going down.
39;.\sounds\taunts\checkouttimer-2.wav;;Check out the timer.
40;.\sounds\taunts\setup_shop-2.wav;;Let's set up shop.
41;.\sounds\taunts\wanna_bet-2.wav;;Wanna bet?
42;.\sounds\taunts\itson-1.wav;;It's on.
43;.\sounds\taunts\supposed_hurt-1.wav;;Was that supposed to hurt?
44;.\sounds\taunts\fixed_problem-1.wav;;Have you fixed your little problem?
45;.\sounds\taunts\good_luck-1.wav;;Good luck with that.
46;.\sounds\taunts\works_out-1.wav;;Let me know how that works out for you.
47;.\sounds\taunts\slow_ahead-3.wav;;I may be slow, but I'm ahead of you.
48;.\sounds\taunts\classy-3.wav;;Classy.
49;.\sounds\taunts\tutorials_noob-1.wav;;Play the tutorials, noob.
50;.\sounds\taunts\wake_done-1.wav;;Wake me up when you're done.
51;.\sounds\taunts\get_outta-3.wav;;Get outta my face.
52;.\sounds\taunts\leavemealone-2.wav;;Leave me alone.
53;.\sounds\taunts\need_that-3.wav;;'Cause you need that.
54;.\sounds\taunts\over_yet-4.wav;;Is it over yet?
55;.\sounds\taunts\parents_late-2.wav;;Do your parents know you're up this late?
56;.\sounds\taunts\you_ok-1.wav;;You okay over there?
57;.\sounds\taunts\stayout-1.wav;;And stay out!
58;.\sounds\taunts\bwahaha-1.wav;;Bwa ha ha ha ha!
59;.\sounds\taunts\stormin_castle-1.wav;;Have fun stormin the castle.
60;.\sounds\taunts\randomrandom-2.wav;;Random! Random!
61;.\sounds\taunts\randomrandom-4.wav;;RanDOM! RanDOM!
62;.\sounds\taunts\game_begin-3.wav;;Let the game begin.
63;.\sounds\taunts\dude_pickem-1.wav;;Dude, we know who you're going to take. Just pick 'em and get on with it.
64;.\sounds\taunts\click_understand-2.wav;;"Which part of ""Click in"" didn't you understand?"
65;.\sounds\taunts\what_holdup-2.wav;;What's the holdup?
66;.\sounds\taunts\ahh-1.wav;;Ahhh.
67;.\sounds\taunts\uhh_uhh-1.wav;;Unh Unh Unh.
68;.\sounds\taunts\ohhh-4.wav;;Ohhh.
69;.\sounds\taunts\uhhh-2.wav;;Ughhhhhhhh.
70;.\sounds\taunts\unh-3.wav;;Unh!
71;.\sounds\taunts\doomed-1.wav;;We're doomed!
72;.\sounds\taunts\wanngiveup-2.wav;;Wanna give up?
73;.\sounds\taunts\victoryismine-3.wav;;Victory is mine!
74;.\sounds\taunts\owmyeye-1.wav;;Oww! My eye!
75;.\sounds\taunts\notintheface-1.wav;;Not in the face! Not in the face!
76;.\sounds\taunts\coming-4.wav;;Coming.
77;.\sounds\taunts\berightthere-1.wav;;Be right there.
78;.\sounds\taunts\onmyway-1.wav;;On my way.
79;.\sounds\taunts\send_help-1.wav;;I'm trying to send some help.
80;.\sounds\taunts\gotchacovered-3.wav;;Gotcha covered.
81;.\sounds\taunts\check-2.wav;;Check.
82;.\sounds\taunts\itshallbedone-1.wav;;It shall be done.
83;.\sounds\taunts\rightonthat-2.wav;;Let me get right on that.
84;.\sounds\taunts\sweet-3.wav;;Sweet.
85;.\sounds\taunts\youdaman-2.wav;;You da man.
86;.\sounds\taunts\talking_about-1.wav;;That's what I'm talking about.
87;.\sounds\taunts\takencareof-3.wav;;Consider it taken care of.
88;.\sounds\taunts\soundslikeaplan-2.wav;;Sounds like a plan.
89;.\sounds\taunts\groovy-3.wav;;Groovy.
90;.\sounds\taunts\color_red-1.wav;;Red
91;.\sounds\taunts\color_blue-1.wav;;Blue
92;.\sounds\taunts\color_purple-2.wav;;Purple
93;.\sounds\taunts\color_green-1.wav;;Green
94;.\sounds\taunts\color_yellow.wav;;Yellow
95;.\sounds\taunts\color_ltblue-1.wav;;Light Blue
96;.\sounds\taunts\color_white-3.wav;;White
97;.\sounds\taunts\color_orange-2.wav;;Orange
98;.\sounds\taunts\humanity-3.wav;;Aaaaagh! The Humanity!
99;.\sounds\taunts\getthat-3.wav;;Let me get that for you.
100;.\sounds\taunts\keep_risin-1.wav;;They keep on rising!
101;.\sounds\taunts\rob\101 Led Zeppelin - Immigrant Song(laugh).wav;;*Led Zeppelin - Immigrant Song*
102;.\sounds\taunts\rob\102 haha.wav;;Haha!
103;.\sounds\taunts\rob\103 tnt_tick.wav;;*Bomb*
104;.\sounds\taunts\rob\104 chicken.wav;;Chicken!
105;.\sounds\taunts\rob\105 goodbad.wav;;*Western Sound*
106;.\sounds\taunts\rob\106 clearout.wav;HELP;Better Clear out!
107;.\sounds\taunts\rob\107 AwwMan.wav;;Aww Man
108;.\sounds\taunts\rob\108 Awwcrap.wav;;AWW Crap.
109;.\sounds\taunts\rob\109 lostlead.wav;;Lost Lead.
110;.\sounds\taunts\rob\110 takenlead.wav;;Taken Lead
111;.\sounds\taunts\rob\111 tiedlead.wav;HELP;Tied For Lead, Better get going.
112;.\sounds\taunts\rob\112 futileattemps.wav;HELP;Your attempts are futile
113;.\sounds\taunts\rob\113 omega.wav;BUILD_TROOPS;Cheating Bastard.
114;.\sounds\taunts\rob\114 whin.wav;;Stop Whining.
115;.\sounds\taunts\rob\115 daddy.wav;;Who's your daddy?.
116;.\sounds\taunts\rob\116 excellant.wav;;Excellent.
117;.\sounds\taunts\rob\117 shutup.wav;;Shut up fool!.
118;.\sounds\taunts\rob\118 idontthinkso.wav;;I don't think so.
119;.\sounds\taunts\rob\119 startgame.wav;;Start the game already!
120;.\sounds\taunts\rob\120 iamweak.wav;HELP;I am weak.
121;.\sounds\taunts\rob\121 gotsomesatisfaction.wav;;I just got some satisfaction.
122;.\sounds\taunts\rob\122 zerotolerance.wav;BUILD_TROOPS;Zero Tolerance.
123;.\sounds\taunts\rob\123 ohyeah.wav;;Oh Yeah.
124;.\sounds\taunts\rob\124 South Park - Towelie - I am so high.wav;;I am so high.
125;.\sounds\taunts\rob\125 why.wav;HELP;Why is everybody riding me today?
126;.\sounds\taunts\rob\126 bitch.wav;;You're goin' down!
127;.\sounds\taunts\rob\127 outnow.wav;BUILD_TROOPS;Well now you'll gonna get it motherfucker! That's right, you and me, right now, we're havin' it out ! Let's go ! C'mon ! C'mon !
128;.\sounds\taunts\rob\128 righton.wav;;Right on!
129;.\sounds\taunts\rob\129 attacked.wav;HELP;I'm being attacked!
130;.\sounds\taunts\rob\130 sucks.wav;;Sucks to be you.
131;.\sounds\taunts\rob\131 hello baby.wav;;Hello... baby
132;.\sounds\taunts\rob\132 goodlookin.wav;;Hehe! Good-looking
133;.\sounds\taunts\rob\133 goodmorning vietnam.wav;;Goooooood Morning Vietnam!
134;.\sounds\taunts\rob\134 ladies and gentlemen welcome to my underground lair.wav;;Ladies and Gentlemen, Welcome to my underground lair
135;.\sounds\taunts\rob\135 master master we have a visitor.wav;;Master, Master, We have a visitor...
136;.\sounds\taunts\rob\136 welcome my brother.wav;;Welcome my brother.
137;.\sounds\taunts\rob\137 welcome back my friend.wav;;Welcome back my friend!
138;.\sounds\taunts\rob\138 All Hail.wav;ATTACK;All Hail for da King!
139;.\sounds\taunts\rob\139 so hmmm how you doing.wav;BUILD_ECON;So, how you doing?
140;.\sounds\taunts\rob\140 shall we play a game.wav;;Shall we play a game?
141;.\sounds\taunts\rob\141 Is everyone on a break.wav;;Someone here? Hello? Is everyone on a break???
142;.\sounds\taunts\rob\142 Where your waiting for Christmas.wav;ATTACK;What are your waiting for? Christmas?
143;.\sounds\taunts\rob\143 everybody online looking good.wav;;Everybody online?? Looking good!
144;.\sounds\taunts\rob\144 Oh joy what a beautifull day.wav;;Oh joy! What a beautiful day...
145;.\sounds\taunts\rob\145 welcome to the internet my friend how can i help you.wav;;Welcome to the internet my friend, How can I help you???
146;.\sounds\taunts\rob\146 So you are a user.wav;;So you are a user...fascinating!
147;.\sounds\taunts\rob\147 oh oh we got a moron here.wav;;Oh, Oh... We got a moron here...
148;.\sounds\taunts\rob\148 newbie.wav;;Newbie!
149;.\sounds\taunts\rob\149 Let's See what you're made of.wav;RUSHING;Let's see, what you're made of!!!
150;.\sounds\taunts\rob\150 I show you a function or two.wav;RUSHING;I show you, a function or two...
151;.\sounds\taunts\rob\151 Shut Up.wav;;Shut Up!!!
152;.\sounds\taunts\rob\152 remember the force will be with you always.wav;;FSF Remember the force will be with you... Always!
153;.\sounds\taunts\rob\153 Attack them now.wav;ATTACK;Attack them now!!!
154;.\sounds\taunts\rob\154 Im in position.wav;GUARD;I'm in position...
155;.\sounds\taunts\rob\155 We're beying watched.wav;;We're being watched... (by scout and/or spies)
156;.\sounds\taunts\rob\156 Why did you do that for.wav;;You clumsy poop! Why did you do that for???
157;.\sounds\taunts\rob\157 Sir Yes Sir!.wav;;Sir!, Yes!, Sir!
158;.\sounds\taunts\rob\158 woody laugh.wav;;Laughing Out Loud!
159;.\sounds\taunts\rob\159 infinity.wav;BUILD_TROOPS;I start my attack! Back me up when needed... I don't like a 2vs1
160;.\sounds\taunts\rob\160 Rock and Roll.wav;ATTACK;Rock and Roll!!! I attack all who dare to face me!!!
161;.\sounds\taunts\rob\161 you cant hide from me i know all the shortcuts.wav;;You can run, but you can't hide from me...I know all the shortcuts!
162;.\sounds\taunts\rob\162 You Will Bow.wav;;Before this is over, you Will kneel and bow before me, begging to spare your live...
163;.\sounds\taunts\rob\163 feelthecorruption.wav;;Feel the corruption...
164;.\sounds\taunts\rob\164 He I'm in your town.wav;;He! I'm in your town!
165;.\sounds\taunts\rob\165 Were Taking This Place.wav;;I think, I like this city, We're taking this place over...
166;.\sounds\taunts\rob\166 Sorry I only ment to wound you.wav;;Resigned?!? Sorry, I only meant to wound you...
167;.\sounds\taunts\rob\167 You die too easily.wav;;You die too easily!!!
168;.\sounds\taunts\rob\168 See You In Hell.wav;;See You In Hell.
169;.\sounds\taunts\rob\169 Damn Im Good.wav;;Damn I'm Good!!!
170;.\sounds\taunts\rob\170 Yeh man that team sucked.wav;;Yeh, man that team sucked... It was too easy!!!
171;.\sounds\taunts\rob\171 Couldn't let you have all the glory.wav;;Couldn't let you have all the glory...
172;.\sounds\taunts\rob\172 Stinker.wav;;Am I a stinker???
173;.\sounds\taunts\rob\173 Remind me.wav;;Remind me to kill you later!! Well... Let's do it now...
174;.\sounds\taunts\rob\174 Here They Come.wav;GUARD;Here They Come... Fire!!!
175;.\sounds\taunts\rob\175 Leave Me Alone.wav;;Leave Me Alone!
176;.\sounds\taunts\rob\176 Will evil never rest.wav;;Will evil never rest?!?
177;.\sounds\taunts\rob\177 Ill Teach You.wav;GUARD;I'll teach you to come near to my cities, I eat people like you for breakfast!!!
178;.\sounds\taunts\rob\178 Help I need somebody01.wav;HELP;Help, I need somebody, Help, not just anybody, Help, you know I need someone, help!!!
179;.\sounds\taunts\rob\179 Help me if you can.wav;HELP;Help me if you can, I'm feeling down... And I do appreciate you being round...
180;.\sounds\taunts\rob\180 Would you please please help me.wav;HELP;Help me, get my feet back on the ground... Won't you please, please help me?!?
181;.\sounds\taunts\rob\181 I cant take it anymore.wav;HELP;I can't take it anymore...
182;.\sounds\taunts\rob\182 Thank you.wav;;THANK YOU! My friend.
183;.\sounds\taunts\rob\183 now go away or i shall taunt you a second time.wav;;Now go away... or I shall taunt you a second time...
184;.\sounds\taunts\rob\184 they are coming to take me away.wav;;They are coming to take me away...
185;.\sounds\taunts\rob\185 We Surrender.wav;;We Surrender...Move a little closer.
186;.\sounds\taunts\rob\186 I Hate You.wav;;I hate you!
187;.\sounds\taunts\rob\187 i will leave you now but you wont defeat me.wav;NEED;I will leave you now... but you wont defeat me...
188;.\sounds\taunts\rob\188 goodnite stupid.wav;;Goodnight stupid.
189;.\sounds\taunts\rob\189 forgoing.wav;;I regret to announce, this is the end! I am going now... I bid you all, a very fond farewell...
190;.\sounds\taunts\rob\190 gnight ladies- goodnight Sir.wav;;G'night ladies...Goodnight Sir!
191;.\sounds\taunts\rob\191 fragmentedperformance.wav;;Shit... This game is laggy...=(
192;.\sounds\taunts\rob\192 getaloadofthatjunkdata.wav;;Please all turn off other programs running in the background... please!
193;.\sounds\taunts\rob\193 illegalprogramtermination.wav;;It's GameSpy again...
194;.\sounds\taunts\rob\194 lowsamplejunk.wav;;Man... This tauntpack sucks...
195;.\sounds\taunts\rob\195 nopermissionnoadmission.wav;;Woooo... holdup script no permission no admission...READ THE DESCRIPTION PLEASE!!!
196;.\sounds\taunts\rob\196 addressthosebugsinnextpatch.wav;;You address those bugs in the next patch???
197;.\sounds\taunts\rob\197 therecanbeonlyonemaster.wav;;There can be only one Master... IN THIS CASE: _FSF_[NL]Fedomar!!!
198;.\sounds\taunts\rob\198 therecanbeonlyonemaster.wav;;There can be only one Master!
199;.\sounds\taunts\rob\199 mmm unprocessed FishSticks.wav;NEED_FOOD;Hmmm unprocessed FishSticks...
200;.\sounds\taunts\rob\200 keep_risin-1.wav;NEED_WEALTH;The Fish Stick Foundation!
201;.\sounds\taunts\rob\201 Darth.wav;;Indeed you are powerful.
202;.\sounds\taunts\rob\202 av-ohyes.wav;;Yes! Yes! Oh, yeah! Can you feel that buddy? Huh? Huh? Huh?!
203;.\sounds\taunts\rob\203 av2-selfish.wav;;Of course, how selfish of me... let's do all the things that you wanna do.
204;.\sounds\taunts\rob\204 beveryquiet.wav;;Be vewy vewy quiet. I'm hunting wabbits.
205;.\sounds\taunts\rob\205 excuse_me.wav;;Excuseeeeeeeeeeeee meeeeeeeeeeeeeeeee!
206;.\sounds\taunts\rob\206 911.wav;;Somebody call 911!
207;.\sounds\taunts\rob\207 musthaveprecious.wav;;We wants it. We needs it. Must have the precious!
208;.\sounds\taunts\rob\208 precious1.wav;;My Precious!
209;.\sounds\taunts\rob\209 precious2.wav;;My Precious!!!
210;.\sounds\taunts\rob\210 doesntanyonelisten.wav;;Doesn't anyone listen to one damn word I say?!?
211;.\sounds\taunts\rob\211 simp193.wav;;I didn't think it was physically possible that this both sucks and blows.
212;.\sounds\taunts\rob\212 ohno2.wav;;Oh no! Oh no! Oho oh no! No! No! No! No! Nooo!
213;.\sounds\taunts\rob\213 feelgood.wav;;Whoa! I feel good, I knew that I would now, so good, so good, I've got you!
214;.\sounds\taunts\rob\214 10secs.wav;;Is it possible for you to STFU for ten seconds?
215;.\sounds\taunts\rob\215 av-loser.wav;;La-hew... Za-her.
216;.\sounds\taunts\rob\216 av-right.wav;;All-righty then!
217;.\sounds\taunts\rob\217 badolputty.wav;;Bad ol' putty cat !
218;.\sounds\taunts\rob\218 destruction.wav;;Prepare yourself for destruction!!!
219;.\sounds\taunts\rob\219 dumb-idea.wav;;I think I just... yeah... I just had an idea.
220;.\sounds\taunts\rob\220 awesome.wav;;"This is awesome... We're going to be like ""pow-pow-pow"" and they going to be like ""arrghhhh"""
221;.\sounds\taunts\rob\221 happening2.wav;;Why does this keep happening to me?!
222;.\sounds\taunts\rob\222 pitiful2human.wav;;Pitiful human!!!
223;.\sounds\taunts\rob\223 razorsharp.wav;;Oh no! How could my razor-sharp intellect betray me?
224;.\sounds\taunts\rob\224 tick3.wav;;I am mighty!
225;.\sounds\taunts\rob\225 bendover.wav;;It is time for me to bend over and receive my destiny.
226;.\sounds\taunts\rob\226 3steps.wav;;You'd need three promotions to get to be an asshole.
227;.\sounds\taunts\rob\227 dissapointed.wav;;Disappointed!!!
228;.\sounds\taunts\rob\228 assholemio.asp.wav;;Assholemioooo!!!!
229;.\sounds\taunts\rob\229 assmine.wav;;Your ass is mine.
230;.\sounds\taunts\rob\230 beavisheheheheh.wav;;Heheheheh.
231;.\sounds\taunts\rob\231 stopme.asp.wav;;Somebody stop me !
232;.\sounds\taunts\rob\232 let's rock.asp.wav;;Let's ROCK this joint !
233;.\sounds\taunts\rob\233 smokin.asp.wav;;SMOKIN' !!!!
234;.\sounds\taunts\rob\234 meepmeep.asp.wav;;Meep Meep!
235;.\sounds\taunts\rob\235 speedy.asp.wav;;Faster, faster!
236;.\sounds\taunts\rob\236 goodmen.wav;;The marines are looking for a few good men. Unfortunately you ain't it.
237;.\sounds\taunts\rob\237 flesh.wav;;You will taste man flesh!
238;.\sounds\taunts\rob\238 remove.wav;;We have only to remove those who oppose us.
239;.\sounds\taunts\rob\239 Duke5.wav;;You're gonna get accidentally shot!
240;.\sounds\taunts\rob\240 work.wav;;We have work to do!
241;.\sounds\taunts\rob\241 bibi.wav;;Bibbidi-bobbidi-boo!
242;.\sounds\taunts\rob\242 bitch.wav;;Oh bitch bitch bitch!
243;.\sounds\taunts\rob\243 chrischicken.wav;;Hey! Guess who's here... What are we serving today, chicken or... chicken?
244;.\sounds\taunts\rob\244 adult.wav;;Due to mature adult content parental discretion is advised.
245;.\sounds\taunts\rob\245 child.wav;;To say you behave childishly is an insult to children everywhere.
246;.\sounds\taunts\rob\246 dexter.wav;;It never fails to surprise me how completely without intelligence you are.
247;.\sounds\taunts\rob\247 youranidiot.wav;;First of all you are an idiot, and second... nah.. that pretty much covers it.
248;.\sounds\taunts\rob\248 ruamoron.wav;;Are you some kind of moron?
249;.\sounds\taunts\rob\249 shag.wav;;Shall we shag now or shall we shag later?
250;.\sounds\taunts\rob\250 failure.wav;;Let this be a reminder to you all that this organization will not tolerate failure.
251;.\sounds\taunts\rob\251 sexybody.wav;;Look at my sexy body.
252;.\sounds\taunts\rob\252 hallelujah.wav;;Hallelujah!
253;.\sounds\taunts\rob\253 mymomma.wav;;My momma can do better than that!
254;.\sounds\taunts\rob\254 comeforyou.wav;;I have come for you! I am death!
255;.\sounds\taunts\rob\255 goaway.wav;;Go away!!!
256;.\sounds\taunts\rob\256 ask.wav;;May I ask sir what more you require?
257;.\sounds\taunts\rob\257 gogirl.wav;;You go girl!
258;.\sounds\taunts\rob\258 aspirin.wav;;Where is my Aspirin?
259;.\sounds\taunts\rob\259 momgod.wav;;Sweet mother of God, what is the hold up?!
260;.\sounds\taunts\rob\260 nobodylikesyou.wav;;You don't have any friends. Nobody likes you.
261;.\sounds\taunts\rob\261 strikenow.wav;;We have to strike now, sir! Annihilate! Kill! Kill! Kill!
262;.\sounds\taunts\rob\262 genius.wav;;You're such a genius!
263;.\sounds\taunts\rob\263 lovegame.wav;;I love this game.
264;.\sounds\taunts\rob\264 onlypower.wav;;There is no Good and Evil. There is only Power, and those too weak to seek it.
265;.\sounds\taunts\rob\265 nervous.wav;;Should I be nervous?
266;.\sounds\taunts\rob\266 runaway.wav;;RUN AWAY!
267;.\sounds\taunts\rob\267 death.wav;;Death has come to your little town.
268;.\sounds\taunts\rob\268 weapon.wav;;My body is a weapon. Use it!
269;.\sounds\taunts\rob\269 yeahbaby.wav;;Yeah baby!
270;.\sounds\taunts\rob\270 meow.wav;;Meow! Meow! Meow!
271;.\sounds\taunts\rob\271 madcow.wav;;*MAD COW*
272;.\sounds\taunts\rob\272 Sheep.wav;;*SHEEP*
273;.\sounds\taunts\rob\273 moo.wav;;*COW*
274;.\sounds\taunts\rob\274 turkey.wav;;*TURKEY*
275;.\sounds\taunts\rob\275 goat.wav;;*GOAT*
276;.\sounds\taunts\rob\276 chicken.wav;;*CHICKEN*
277;.\sounds\taunts\rob\277 frogs.wav;;*FROG*
278;.\sounds\taunts\rob\278 lion.wav;;*LION*
279;.\sounds\taunts\rob\279 momma2.wav;;Stay away from me you horse's ass!
280;.\sounds\taunts\rob\280 hasta.wav;;Hasta la vista, baby.
281;.\sounds\taunts\rob\281 weakest.wav;;You are the weakest link. Goodbye!
282;.\sounds\taunts\rob\282 back.wav;;I'll be back.
283;.\sounds\taunts\rob\283 friend.wav;;I'm having an old friend for dinner.
284;.\sounds\taunts\rob\284 weasel.wav;;I've got a plan so cunning you could put a tail on it and call it a weasel.
285;.\sounds\taunts\rob\285 talk.wav;;If I wanted to talk to a vegetable I would bought one at the market.
286;.\sounds\taunts\rob\286 powerofisengard.wav;;The power of Isengard is at your command, Sauron, Lord of the Earth.
287;.\sounds\taunts\rob\287 rulemiddle-earth.wav;;Together, my lord Sauron, we shall rule this Middle–Earth.
288;.\sounds\taunts\rob\288 offer.wav;;I'm gonna make him an offer he can't refuse.
289;.\sounds\taunts\rob\289 seedead.wav;;I see dead people.
290;.\sounds\taunts\rob\290 change.wav;;Keep a change you filthy animal.
291;.\sounds\taunts\rob\291 idiots.wav;;I'm surrounded by idiots.
292;.\sounds\taunts\rob\292 meme.wav;;Me, me, me, me, me, me!
293;.\sounds\taunts\rob\293 fu.wav;;Fuck you asshole.
294;.\sounds\taunts\rob\294 stick.wav;;I stick my neck out for nobody.
295;.\sounds\taunts\rob\295 lock.wav;;That would be all, just be sure to lock the door behind you. Good night.
296;.\sounds\taunts\rob\296 cant.wav;;I can't let this happen. I will not allow it. I mean look at this people.
297;.\sounds\taunts\rob\297 fame.wav;;Clearly fame is not everything.
298;.\sounds\taunts\rob\298 jump.wav;;When I give an order, you jump!
299;.\sounds\taunts\rob\299 good.wav;;Why are you so good to me?
300;.\sounds\taunts\rob\300 boom.wav;;Boom baby boom!
301;.\sounds\taunts\rob\301 clapping.wav;;*CLAPPING*
302;.\sounds\taunts\rob\302 growup.wav;;Oh for Christ's sake, grow up!
303;.\sounds\taunts\rob\303 mind.wav;;Have you lost your fucking mind?
304;.\sounds\taunts\rob\304 shit.wav;;He's full of shit!
305;.\sounds\taunts\rob\305 warn.wav;;I warned you, you fat piece of shit!
306;.\sounds\taunts\rob\306 crazy.wav;;*CRAZY LAUGHTER*
307;.\sounds\taunts\rob\307 TANKYOU.wav;;Thank you very much!
308;.\sounds\taunts\rob\308 run.wav;;Running away won't save ya!
309;.\sounds\taunts\rob\309 taps.wav;;*FUNERAL TRUMPETS*
310;.\sounds\taunts\rob\310 theend.wav;;The end.
311;.\sounds\taunts\rob\311 clueless.wav;;Hello!
312;.\sounds\taunts\rob\312 urabitch.wav;;You are a bitch!
313;.\sounds\taunts\rob\313 dontfail.wav;;Don't fail me again!
314;.\sounds\taunts\rob\314 failed.wav;;You have failed me for the last time.
315;.\sounds\taunts\rob\315 scully.wav;;You did something incredibly stupid!
316;.\sounds\taunts\rob\316 fucku.wav;;Fuck you!
317;.\sounds\taunts\rob\317 unaccept.wav;;You made a mistake an that was entirely unacceptable.
318;.\sounds\taunts\rob\318 allwrong.wav;;No, no, no, you're doing it all wrong!
319;.\sounds\taunts\rob\319 lt_screwy.wav;;There's something screwy around here.
320;.\sounds\taunts\rob\320 Imperial.wav;;*IMPERIAL MARCH*
321;.\sounds\taunts\rob\321 annoyou.wav;;We interrupt this program to annoy you and make things generally irritating.
322;.\sounds\taunts\rob\322 pussy.wav;;"_FSF_[PL]Muad'Dib: ""This is paradise, this town is like a great big pussy, Just waiting to get fucked""."
323;.\sounds\taunts\rob\323 Zornmeister in da house!.wav;;_FSF_Zornmeister is in da House!!!
324;.\sounds\taunts\rob\324 godfather2_certain.wav;;"_FSF_Godfather: ""If anything in this life is certain, if history has thaught us anything... 't is that you could kill anyone""."
325;.\sounds\taunts\rob\325 depressedmyself.wav;;Oh, Fish Sticks. I've depressed myself. I have to go lie down.
326;.\sounds\taunts\rob\326 fisharefriends.wav;;Fish are friends, not food.
327;.\sounds\taunts\rob\327 fishnetwork.wav;;You're watching the Fish Network. All fish, all the time.
328;.\sounds\taunts\rob\328 wheeloffish.wav;;Today, one of these lucky contestants will win his-or-her weight in fish, right here on… –Wheel Of Fish!
329;.\sounds\taunts\rob\329 wilkommen.wav;;Wilkommen. Bienvenue. Welcome. Come on in
330;.\sounds\taunts\rob\330 sogladyoucame.wav;;Helloooo!!!! OH!! So glad you could come!
331;.\sounds\taunts\rob\331 Bhereiam.wav;;Here I am… hehehe
332;.\sounds\taunts\rob\332 Bhhey.wav;;Hehehe Hé!
333;.\sounds\taunts\rob\333 agelimit.wav;;Liar! There is not an age-limit...
334;.\sounds\taunts\rob\334 187langs.wav;;If you do not speak English, I am at your disposal with 187 other languages along with their various dialects and subtongues.
335;.\sounds\taunts\rob\335 amusing.wav;;Actually I think you are going to find this very amusing.
336;.\sounds\taunts\rob\336 awayforamin.wav;;I was only away for a minute, Master.
337;.\sounds\taunts\rob\337 beenthere.wav;;Nahhh!!! Been there, Done that!
338;.\sounds\taunts\rob\338 bonehead.wav;;How long have you boneheads been here?
339;.\sounds\taunts\rob\339 botherme.wav;;Go away, boy, ya bother me.
340;.\sounds\taunts\rob\340 changemind.wav;;"Sure you won't change your mind? –Is there something wrong with the one I have?"""
341;.\sounds\taunts\rob\341 chatrats.wav;;Ever seen any rats in this room? -All the time, why?
342;.\sounds\taunts\rob\342 choiceisillusion.wav;;Choice is an illusion created between those with power and those without.
343;.\sounds\taunts\rob\343 choiceswedontunderstand.wav;;We can never see past the choices we don't understand.
344;.\sounds\taunts\rob\344 chosenwisely.wav;;You have chosen wisely.
345;.\sounds\taunts\rob\345 chosepoorly.wav;;He chose poorly.
346;.\sounds\taunts\rob\346 clik.wav;;That’s it dick. Click!
347;.\sounds\taunts\rob\347 comeandgo.wav;;My! People come and go so quickly here!
348;.\sounds\taunts\rob\348 dumber.wav;;Whoaa! Dumber then advertised.
349;.\sounds\taunts\rob\349 falseadvertising.wav;;Do you know what this is? This, my friends, is false advertising!
350;.\sounds\taunts\rob\350 have2wait.wav;;You mean we have to wait?!?
351;.\sounds\taunts\rob\351 homer_boring.wav;;Boring!
352;.\sounds\taunts\rob\352 ladiesngentlemen.wav;;Ladies... and Gentlemen
353;.\sounds\taunts\rob\353 langbarrier.wav;;There's defiantly a language barrier here
354;.\sounds\taunts\rob\354 Ln_wait.wav;;If I sit here any longer I'm gonna have one severe case of asteroids
355;.\sounds\taunts\rob\355 lookinto.wav;;And now, ladies and gentlemen, as I look into your faces, and believe me, some of your faces need looking into…
356;.\sounds\taunts\rob\356 lowerclasses.wav;;Sir, I consider you a member of the lower classes
357;.\sounds\taunts\rob\357 machinefriends.wav;;I cannot stay here too long before my machine friends will become nervous and do something rash.
358;.\sounds\taunts\rob\358 next.wav;;Oh, perfect. You'll hear from us. Next!
359;.\sounds\taunts\rob\359 noshedidnt.wav;;Damn! No she didn't...
360;.\sounds\taunts\rob\360 notgettingpaid.wav;;This is ridiculous. It's crazy. I feel like I'm babysitting, except I'm not getting paid.
361;.\sounds\taunts\rob\361 playingvideogame.wav;;God damn it. Can we please just get back to playing our videogame, please?!
362;.\sounds\taunts\rob\362 replaced.wav;;You can be replaced, you know...
363;.\sounds\taunts\rob\363 scat.wav;;Scat. Skedaddle. Adios. Arrividerci. Ciao. Aloha. Bug off.
364;.\sounds\taunts\rob\364 thatsforbabies.wav;;Héééé that's for babies!
365;.\sounds\taunts\rob\365 voteplease.wav;;Vote, please. Vote, please.
366;.\sounds\taunts\rob\366 watchmate.wav;;If I'm not mistaken, they are preparing to mate. -Do you think they might let me watch?
367;.\sounds\taunts\rob\367 chitchat.wav;;What do you say we cut the chit-chat, a-hole?
368;.\sounds\taunts\rob\368 dayone.wav;;If I were creating a world, I wouldn't mess about with butterflies and daffodils. I would've started with lasers, eight o'clock, day one. (explosion) Sorry.
369;.\sounds\taunts\rob\369 dontlikeme.wav;;Now answer my question. You don't like me, why?
370;.\sounds\taunts\rob\370 famebitch.wav;;Fame, ain't it a bitch?
371;.\sounds\taunts\rob\371 finalanswer.wav;;Is that your final answer?
372;.\sounds\taunts\rob\372 fineday.wav;;Well, it looks like it's going to be another fine day.
373;.\sounds\taunts\rob\373 for5minutes.wav;;For five minutes could you not be yourself? For five minutes!
374;.\sounds\taunts\rob\374 game.wav;;Ohh… I love this game!
375;.\sounds\taunts\rob\375 getnthru.wav;;Any of this gettin' through to you, son?
376;.\sounds\taunts\rob\376 gettothepoint.wav;;You want to get to the point, mister? Now what is it? What are you trying to tell us?
377;.\sounds\taunts\rob\377 gmorningimhere.wav;;Good morning… I'm here...
378;.\sounds\taunts\rob\378 groucho3.wav;;The next time I see you, remind me not to talk to you, will you?
379;.\sounds\taunts\rob\379 halches2.wav;;Would you like to play a game of chess? I play very well.
380;.\sounds\taunts\rob\380 chekmate.wav;;Checkmate!
381;.\sounds\taunts\rob\381 lostsense.wav;;Don't tell me you lost your sense of humor already.
382;.\sounds\taunts\rob\382 lovetalk.wav;;I just love the way you talk.
383;.\sounds\taunts\rob\383 militaryschool.wav;;Well kids… How was military school??? -Yes Sir! Fine Sir!
384;.\sounds\taunts\rob\384 needsofmany1.wav;;Logic clearly dictates that the needs of the many outweigh the needs of the few.
385;.\sounds\taunts\rob\385 notech.wav;;God isn't interested in technology. He knows nothing of the potential of the microchip or the silicon revolution. Look how he spends his time, 43 species of parrots. . .nipples for men!
386;.\sounds\taunts\rob\386 notworthyofu.wav;;This conversation is not worthy of you!
387;.\sounds\taunts\rob\387 nowords.wav;;For some moments in life there are no words.
388;.\sounds\taunts\rob\388 offworldcolonies.wav;;A new life awaits you in the Off-World Colonies... The chance to begin again in a golden land of opportunity and adventure.
389;.\sounds\taunts\rob\389 personalquestion.wav;;By the way, do you mind if I ask you a personal question?
390;.\sounds\taunts\rob\390 reputation.wav;;Once again our reputation precedes us.
391;.\sounds\taunts\rob\391 rosesarered.wav;;Roses are red, violets are blue -I can't write poems, but I've been told I've many other good qualities.
392;.\sounds\taunts\rob\392 Yeehaa2.wav;;Yeehaa
393;.\sounds\taunts\rob\393 Sb_lord.wav;;I am Lord of this place
394;.\sounds\taunts\rob\394 shutup2.wav;;Shut up' includes you.
395;.\sounds\taunts\rob\395 ShutUp.wav;;Shut Up! Shut up! Shut up!
396;.\sounds\taunts\rob\396 spam2.wav;;I don't want any Spam.
397;.\sounds\taunts\rob\397 spam5.wav;;I don't like Spam!
398;.\sounds\taunts\rob\398 smalldreams.wav;;But where is it written that all our dreams must be small ones?
399;.\sounds\taunts\rob\399 st_11_2.wav;;You bought your ticket, might as well enjoy the show.
400;.\sounds\taunts\rob\400 st_19_2.wav;;Death to the fascists!
401;.\sounds\taunts\rob\401 precisly.wav;;Precisely!
402;.\sounds\taunts\rob\402 brothersgonnaworkitout.wav;;The brothers gonna work it out…
403;.\sounds\taunts\rob\403 TheVonBondies-C_monC_mon.wav;;Come' on Come' on Come' on Come' on Come' on Come' on
404;.\sounds\taunts\rob\404 Chug.wav;;*chugging and burping*
405;.\sounds\taunts\rob\405 cookies.wav;;Cookies mean so much to me!
406;.\sounds\taunts\rob\406 damngoodcoffee.wav;;Damn good coffee... and hot!
407;.\sounds\taunts\rob\407 dinner.wav;;Master, dinner is prepared!
408;.\sounds\taunts\rob\408 drugreal.wav;;I know drug-real from real-real!
409;.\sounds\taunts\rob\409 drunktest.wav;;Damn your drunk tests are hard!
410;.\sounds\taunts\rob\410 foodfite.wav;;Food fight!!! #ICON1#ICON1#ICON1#ICON1#ICON1#ICON1
411;.\sounds\taunts\rob\411 foodservices.wav;;And for those with less, uh, robust scores there's still wonderful opportunities in the food services sector.
412;.\sounds\taunts\rob\412 whatscookin.wav;;Eh, what's cookin', Doc?
413;.\sounds\taunts\rob\413 hadenoughrum.wav;;I'm not entirely sure that I've had enough rum to allow that kind of talk.
414;.\sounds\taunts\rob\414 wetmove.wav;;I farted, it's wet and I don't wanna move
415;.\sounds\taunts\rob\415 st_16_3.wav;;Did you have a nice tea-break?
416;.\sounds\taunts\rob\416 idrankwhat.wav;;I was thinking of the immortal words of Socrates who said… 'I drank what?'
417;.\sounds\taunts\rob\417 livevan.wav;;…We gonna end up eating a steady diet of government cheese and living in a van down by the river!
418;.\sounds\taunts\rob\418 Ln_bnch.wav;;I'm hungry enough to eat a baby's butt through a park fence!
419;.\sounds\taunts\rob\419 Ln_fried.wav;;Double battered n' Dixie fried!
420;.\sounds\taunts\rob\420 morecoffee.wav;;Oh, you look like a man who could use more coffee.
421;.\sounds\taunts\rob\421 pizzasense.wav;;Great Scott! My pizza-sense is tingling!
422;.\sounds\taunts\rob\422 roomservice.wav;;I want room service!!!
423;.\sounds\taunts\rob\423 snack.wav;;Snack? Did somebody say snack?
424;.\sounds\taunts\rob\424 hownovel.wav;;Oh, take it easy, will ya? Come on, be nice. For you, I'm doing this show straight. No booze, no pot, no coke, no nothing... Oh, god. Oh, don't get me wrong, really. I don't snort cocaine. I just like the way it smells, that's all.
425;.\sounds\taunts\rob\425 stoned2.wav;;But I am stoned!
426;.\sounds\taunts\rob\426 stoned.wav;;What, are you stoned or stupid?
427;.\sounds\taunts\rob\427 wannagethigh.wav;;You wanna get high?
428;.\sounds\taunts\rob\428 takealittlebreak.wav;;We will take a little break, but we will be back in awhile… so..ehh.. don't nobody go nowhere.
429;.\sounds\taunts\rob\429 greedy.wav;;I can't help it, I'm a greedy slob. It's my hobby.
430;.\sounds\taunts\rob\430 6inspikepenis.wav;;No, seriously, listen. If there's ever anything I can do for you, or, more to the point, to you, you let me know, OK? –Can you hammer a 6-inch spike through a board with your penis? –Not right now. –A girl's got to have her standards.
431;.\sounds\taunts\rob\431 eunuch.wav;;You're not a eunuch, are you?
432;.\sounds\taunts\rob\432 wife2orgasm.wav;;"I've tried everything; the Embassy, the German government, the Consulate, I even talked to the U.N. Ambassador. It's no use. I just can't bring my wife to orgasm."
433;.\sounds\taunts\rob\433 lasttimesex.wav;;The other day I called up my wife. I said to her, 'Honey, I've been thinking about the last time we had sex and I'm getting excited.' She said, 'Who is this?'
434;.\sounds\taunts\rob\434 lewinsky1.wav;;I did not have sexual relations with that woman, Miss Lewinsky.
435;.\sounds\taunts\rob\435 noquestion.wav;;There isn't a question we can't answer! –Here's one, geniuses. What's it like to kiss a girl? –Shut up.
436;.\sounds\taunts\rob\436 noquickfix.wav;;No quick fix for porn!
437;.\sounds\taunts\rob\437 not2mentionass.wav;;You know, before you turn around you guys will be our age. –God, don't remind me. –And you'll regret every night you didn't go out and grab a little life! –Not to mention a little ass!
438;.\sounds\taunts\rob\438 pleasure.wav;;There's no crime in giving yourself over to pleasure.
439;.\sounds\taunts\rob\439 talkdirty.wav;;I love it when you talk dirty...
440;.\sounds\taunts\rob\440 urgay2.wav;;You're--You're gay! -Me? No, I'm not gay. -You're not? But y-y-you just kissed me. -O.k., I'm gay.
441;.\sounds\taunts\rob\441 Vx_die1.wav;;But I love you
442;.\sounds\taunts\rob\442 Vx_die6.wav;;Please, …Come with me...
443;.\sounds\taunts\rob\443 computersnevermakemistakes.wav;;Computers never make mistakes. –Hard drive crash. Twenty seconds to meltdown. –Gotta go.
444;.\sounds\taunts\rob\444 damnyouinternet.wav;;Damn you, Internet!
445;.\sounds\taunts\rob\445 Dexterdp.wav;;Please, please don't push the button, you have no idea what it... ...does
446;.\sounds\taunts\rob\446 dratcomp.wav;;Oh, drat these computers. They're so naughty and so complex I could pinch them.
447;.\sounds\taunts\rob\447 globalcommsystem.wav;;Our story can be that this is nothing more than a freakish malfunction of a highly–sophisticated global comm system
448;.\sounds\taunts\rob\448 knowbetr.wav;;You know better than to trust a strange computer.
449;.\sounds\taunts\rob\449 knowproblem.wav;;I think you know what the problem is just as well as I do...
450;.\sounds\taunts\rob\450 launchdesign.wav;;Would you classify that as a launch problem or a design problem?
451;.\sounds\taunts\rob\451 merecomp.wav;;Could a mere computer solve the problem of Life, the Universe, and Everything?
452;.\sounds\taunts\rob\452 software.wav;;Nice software!
453;.\sounds\taunts\rob\453 thesystemsucks.wav;;The system's failed us. –The system sucks. We're going to have to go outside the system.
454;.\sounds\taunts\rob\454 WTFinternet.wav;;What the fuck is the internet? –The internet is a communications tool used the world over where people can come together to bitch about movies and share pornography with one another.
455;.\sounds\taunts\rob\455 alive.wav;;It's alive!
456;.\sounds\taunts\rob\456 ally.wav;;You are my ally. I will not abandon you.
457;.\sounds\taunts\rob\457 bigdecisions.wav;;If you can't make the big decisions, commander, I suggest you make room for someone who can.
458;.\sounds\taunts\rob\458 Bk_heynb.wav;;Hey neighbor!!!
459;.\sounds\taunts\rob\459 cantchange.wav;;What can I do? I can't change my family.
460;.\sounds\taunts\rob\460 Ch_2468.wav;;Two, Four, Six, Eight, Who do we appreciate?
461;.\sounds\taunts\rob\461 Ch_gogog.wav;;And Team, And spirit And GoGoGoGooo
462;.\sounds\taunts\rob\462 Ch_gteam.wav;;Goooo Team!!!
463;.\sounds\taunts\rob\463 Ch_redok.wav;;Ready-OK
464;.\sounds\taunts\rob\464 challenge.wav;;I realize how difficult it's going to be in this god-forsaken place where you can't find what you need, but there's the challenge.
465;.\sounds\taunts\rob\465 dcorrect.wav;;You're absolutely correct!
466;.\sounds\taunts\rob\466 conduct.wav;;Enough! If this is what passes for conduct becoming of world leaders, I don't want any part of it!
467;.\sounds\taunts\rob\467 disturbg.wav;;I find your lack of faith disturbing.
468;.\sounds\taunts\rob\468 dofirst.wav;;So, what would you little maniacs like to do first?
469;.\sounds\taunts\rob\469 doitself.wav;;I can see if I want anything done around here I gotta do it myself.
470;.\sounds\taunts\rob\470 dontutrustme.wav;;What's the matter, don't you trust me?
471;.\sounds\taunts\rob\471 fitin.wav;;I just thought I found a way to--to fit in. –You'll never fit in!!!
472;.\sounds\taunts\rob\472 who2trust.wav;;You won't know who to trust.
473;.\sounds\taunts\rob\473 iwillbringuhope.wav;;I will bring you hope, old friend, and I ask only one thing in return: don't get in my way.
474;.\sounds\taunts\rob\474 jointheclub.wav;;Join the club, we've got jackets.
475;.\sounds\taunts\rob\475 joinus.wav;;He will join us or die, Master.
476;.\sounds\taunts\rob\476 master.wav;;I am looking forward to completing your training. In time, you will call me . . . Master.
477;.\sounds\taunts\rob\477 monkchant.wav;;*Monk-chant with gunshots*
478;.\sounds\taunts\rob\478 need2know.wav;;Damn it, I need to know and I need to know now!
479;.\sounds\taunts\rob\479 needinfo.wav;;Throw me a friggin' bone, here. I'm the boss. . .need the info.
480;.\sounds\taunts\rob\480 notworking.wav;;Looks like somebody's not working.
481;.\sounds\taunts\rob\481 peopleswar.wav;;This is the People's War. It is our war. We are the fighters. Fight it then! Fight it with all that is in us and may God defend the Right.
482;.\sounds\taunts\rob\482 standup2friends.wav;;It takes a great deal of bravery to stand up to your enemies, but a great deal more to stand up to your friends.
483;.\sounds\taunts\rob\483 stuart.wav;;Because I'm good enough, I'm smart enough, and doggone it, people like me.
484;.\sounds\taunts\rob\484 urscary.wav;;You're a little scary sometimes, you know that. Brilliant, but scary.
485;.\sounds\taunts\rob\485 wantfrnd.wav;;All I want is a friend!
486;.\sounds\taunts\rob\486 battle.wav;;Now throw the switch and let us begin the battle for the planet!
487;.\sounds\taunts\rob\487 bomb_x.wav;;*Falling Bomb*
488;.\sounds\taunts\rob\488 boombaby.wav;;Boom, baby, boom! I'm the Evil Midnight Bomber what bombs at midnight!
489;.\sounds\taunts\rob\489 byyourcommandslow.wav;;By your command...
490;.\sounds\taunts\rob\490 comeout2.wav;;Come out, come out, where ever you are.
491;.\sounds\taunts\rob\491 crush.wav;;Crush! Kill! Destroy!
492;.\sounds\taunts\rob\492 feellikekillingsomeone.wav;;Feel like killing someone?
493;.\sounds\taunts\rob\493 glryhonr.wav;;May glory and honor follow you on your journey.
494;.\sounds\taunts\rob\494 iswear.wav;;I swear I will not kill anyone.
495;.\sounds\taunts\rob\495 itsshowtime.wav;;It's Showtime!
496;.\sounds\taunts\rob\496 lettheattackbegin.wav;;Let the attack begin.
497;.\sounds\taunts\rob\497 onlychaos.wav;;There will be no order, only chaos.
498;.\sounds\taunts\rob\498 patton.wav;;We are advancing constantly and we're not interested in holding onto anything except the enemy! We're going to hold onto him by the nose and kick him in the ass! ..And we're going to go through him like crap through a goose!
499;.\sounds\taunts\rob\499 readiness.wav;;Everything is in readiness, master. We merely await your word.
500;.\sounds\taunts\rob\500 reaganbomb.wav;;My fellow Americans, I'm pleased to tell you today that I've signed legislation that will outlaw Russia forever. We begin bombing in five minutes.
501;.\sounds\taunts\rob\501 Sb_min1.wav;;Go minions!
502;.\sounds\taunts\rob\502 Sb_min2.wav;;Take him down minions!
503;.\sounds\taunts\rob\503 Sb_min3.wav;;Get them minions! Get them!
504;.\sounds\taunts\rob\504 sitight.wav;;Ok, you people sit tight, hold the fort and keep the home fires burning, and if we're not back by dawn, call the president.
505;.\sounds\taunts\rob\505 sittingduck.wav;;Roger, Bravo Delta, this is Sitting Duck. I have Bogie Queen in my sights, and I’m, uh, going to shoot bullets at it now.
506;.\sounds\taunts\rob\506 takewhatyoucan.wav;;Take what you can! Give nothing back!
507;.\sounds\taunts\rob\507 terminator.wav;;Jesus, you were going to kill that guy! –Of course. I'm a Terminator.
508;.\sounds\taunts\rob\508 triangulate.wav;;All right, I'll take point, you two flank. Let's triangulate. –Equilateral or isosceles?
509;.\sounds\taunts\rob\509 trumpet_x.wav;;*Trumpet*
510;.\sounds\taunts\rob\510 trynot.wav;;Try not! Do. Or do not. There is no 'try.'
511;.\sounds\taunts\rob\511 uhavedestiny.wav;;You have a destiny, and now is your time to fulfill it.
512;.\sounds\taunts\rob\512 warweapons.wav;;Now let's see how destructive you are without your war weapons!
513;.\sounds\taunts\rob\513 whatcouldhappen.wav;;Hey, come on, we're superheroes. What could happen?
514;.\sounds\taunts\rob\514 worshipped.wav;;Now remember, I do my best work when I'm being worshipped as a god
515;.\sounds\taunts\rob\515 assistance.wav;;Your assistance would be welcomed.
516;.\sounds\taunts\rob\516 bartles.wav;;Thanks for your support.
517;.\sounds\taunts\rob\517 d-day_flash.wav;;We interrupt our program to bring you a special broadcast. The German news agency Transoceanic said today in a broadcast that the Allied invasion had begun. There was no Allied confirmation.
518;.\sounds\taunts\rob\518 dirtywork.wav;;Get someone else to do your dirty work!
519;.\sounds\taunts\rob\519 help.wav;;Help!!! Somebody… Help!!!
520;.\sounds\taunts\rob\520 howcanyousitthere.wav;;How can you two just sit there and watch this happen?
521;.\sounds\taunts\rob\521 ifat1st.wav;;You mean it's like 'if at first you don't succeed, try, try again.' –Yes. –I thought so.
522;.\sounds\taunts\rob\522 importantassignment.wav;;Important assignment!  Important assignment!
523;.\sounds\taunts\rob\523 kennedy.wav;;So, my fellow Americans, ask not what your country can do for you. Ask what you can do for your country.
524;.\sounds\taunts\rob\524 machothings.wav;;What are you doing? Is this one of those macho things?
525;.\sounds\taunts\rob\525 mrknowitall.wav;;OK, then, thank you, Mr. Know-It-All.
526;.\sounds\taunts\rob\526 natlemergency.wav;;'Scuse me, national emergency! Coming through!
527;.\sounds\taunts\rob\527 ohlook.wav;;Oh! Oh! Oh! Oh! Oh, look!
528;.\sounds\taunts\rob\528 see.wav;;This you gotta see to believe.
529;.\sounds\taunts\rob\529 st_5_1.wav;;Taking fire, need some help!
530;.\sounds\taunts\rob\530 takeover2.wav;;Hey, I got him this far. You take over from here.
531;.\sounds\taunts\rob\531 thisisamatteroflifeanddeath.wav;;This is a matter of life and death!!!
532;.\sounds\taunts\rob\532 Vx_die4.wav;;Please help me...
533;.\sounds\taunts\rob\533 whatthehell3.wav;;What the hell is going on around here?! Who the hell are you people?!
534;.\sounds\taunts\rob\534 arentyouforgetting.wav;;Chicken, Aren't you forgetting something?
535;.\sounds\taunts\rob\535 firstmatecow.wav;;First mate Cow ready for duty.
536;.\sounds\taunts\rob\536 assistnc.wav;;How may I, in all humble servitude, be of assistance?
537;.\sounds\taunts\rob\537 bepolite.wav;;You know, I was only trying to be polite!
538;.\sounds\taunts\rob\538 bow2sensei.wav;;Bow to your sensei! Bow to your sensei!!!
539;.\sounds\taunts\rob\539 cunning.wav;;I have a cunning plan that could get you out of this problem.
540;.\sounds\taunts\rob\540 disclosureaverted.wav;;Disclosure averted. Continue observation.
541;.\sounds\taunts\rob\541 dontunderstand.wav;;You do not understand… but you will.
542;.\sounds\taunts\rob\542 failure1.wav;;What we've got here is... failure to communicate.
543;.\sounds\taunts\rob\543 figureout.wav;;Ok, so what did we just figure out?
544;.\sounds\taunts\rob\544 gowhereactionis.wav;;Then let's go where the action is!
545;.\sounds\taunts\rob\545 hecanfixanything.wav;;His name is MacGyver. He can fix anything. He could fix a computer with a hairpin and a piece of duct tape.
546;.\sounds\taunts\rob\546 itsnasty.wav;;Oh, who did this to you? This is just not right. In fact, it's nasty...
547;.\sounds\taunts\rob\547 judasrockingpriest.wav;;What in Judas-Rocking-Priest is going on around here?!?
548;.\sounds\taunts\rob\548 killyoutwice.wav;;This damn well better be worth it. Because if this story of yours turns out to be bogus, I'm going to kill you twice. Now you got that?
549;.\sounds\taunts\rob\549 liketohelp.wav;;Well, I'd like to help, but not as much as I'd like not to.
550;.\sounds\taunts\rob\550 listentome.wav;;Why do you listen to me when I'm wrong?
551;.\sounds\taunts\rob\551 Ln_bacon.wav;;There you go, now your makin' bacon
552;.\sounds\taunts\rob\552 Ln_sorry.wav;;Sorry, I guess I just got caught up
553;.\sounds\taunts\rob\553 neverwasteit.wav;;Time is a precious thing, never waste it.
554;.\sounds\taunts\rob\554 oldtech.wav;;It's old technology!
555;.\sounds\taunts\rob\555 opportunemoment.wav;;If you were waiting for the opportune moment, that was it.
556;.\sounds\taunts\rob\556 owemebigtime.wav;;You owe me big-time.
557;.\sounds\taunts\rob\557 payattn.wav;;Pay attention, son, this is for your own good.
558;.\sounds\taunts\rob\558 st_4_2.wav;;You’re doing great guys, hang in there!
559;.\sounds\taunts\rob\559 st_10_2.wav;;You defend brat don’t you stop!
560;.\sounds\taunts\rob\560 stupid2.wav;;There are no stupid questions, just stupid people
561;.\sounds\taunts\rob\561 whoare.wav;;Who are those guys?!?
562;.\sounds\taunts\rob\562 whyask.wav;;Why do you ask questions to which you already know the answers?
563;.\sounds\taunts\rob\563 yourang2.wav;;You rang?
564;.\sounds\taunts\rob\564 angry.wav;;You have made me very angry, very angry indeed!
565;.\sounds\taunts\rob\565 anhonor.wav;;It is an honor to protect my country and my family.
566;.\sounds\taunts\rob\566 betlife.wav;;Well, now don't you bet your life on it.
567;.\sounds\taunts\rob\567 blowskirt.wav;;So far, this is not blowing my skirt up, gentlemen.
568;.\sounds\taunts\rob\568 youshallnotpasss.wav;;You shall not pass!
569;.\sounds\taunts\rob\569 dangersover.wav;;Danger is over...
570;.\sounds\taunts\rob\570 destroy2.wav;;Don't make me destroy you!
571;.\sounds\taunts\rob\571 destroytheworld.wav;;Everything is back to normal. I-I think… I think I can go back to trying to destroy the world again.
572;.\sounds\taunts\rob\572 Dexterun.wav;;This is unacceptable!
573;.\sounds\taunts\rob\573 difficult.wav;;You're always making things difficult!
574;.\sounds\taunts\rob\574 disturbslumber.wav;;Who disturbs my slumber?
575;.\sounds\taunts\rob\575 donkeysenses.wav;;Hey, man, this don't feel right. My donkey senses are tingling all over.
576;.\sounds\taunts\rob\576 dothat.wav;;I wouldn’t do that if I were you…
577;.\sounds\taunts\rob\577 duke_freedom_x.wav;;I don't know who you are, where you're from, or what you want... but if you threaten my freedom, I'll kill you.
578;.\sounds\taunts\rob\578 enemyneutralized.wav;;Enemy neutralized, ladies and gentlemen.
579;.\sounds\taunts\rob\579 st_10_3.wav;;I don’t bloody believe it!
580;.\sounds\taunts\rob\580 fdrfear.wav;;Let me assert my firm belief... that the only thing we have to fear is... fear itself.
581;.\sounds\taunts\rob\581 freak.wav;;Please, I don't wanna go back there! You don't know what it's like to be considered a freak! Well, maybe you do.
582;.\sounds\taunts\rob\582 gropos.wav;;All right, you ground-pounders, if it's fighting you want then you're about to get your share.
583;.\sounds\taunts\rob\583 it_takes.wav;;You think you’ve got what it takes?!?
584;.\sounds\taunts\rob\584 itakethatback.wav;;I take that back. This is real bad
585;.\sounds\taunts\rob\585 itsyou.wav;;Huh? It's you?!?
586;.\sounds\taunts\rob\586 iwouldnt.wav;;Oh! I wouldn't do that. I really wouldn't.
587;.\sounds\taunts\rob\587 killingme.wav;;Killing me won't help you.
588;.\sounds\taunts\rob\588 killya.wav;;You do that and I'll kill ya.
589;.\sounds\taunts\rob\589 hanbar04.wav;;*Cartoon sound of running away*
590;.\sounds\taunts\rob\590 Ln_run.wav;;Run for your lives!
591;.\sounds\taunts\rob\591 Ln_shit.wav;;Holy shit!
592;.\sounds\taunts\rob\592 Ln_slow.wav;;Slower n' molasses in January
593;.\sounds\taunts\rob\593 myswamp.wav;;What are you doing in my swamp?
594;.\sounds\taunts\rob\594 noeffect.wav;;There is a weapons deactivator in effect here. Your destructive machines will have no effect.
595;.\sounds\taunts\rob\595 noproblemo.wav;;No problemo!
596;.\sounds\taunts\rob\596 offmyland.wav;;Get off my land!!!
597;.\sounds\taunts\rob\597 screamandrun.wav;;Well, I don't know about you, but I am planning to scream and run.
598;.\sounds\taunts\rob\598 serioustherapy.wav;;You know, before this is over I'm going to need a whole lot of serious therapy.
599;.\sounds\taunts\rob\599 Sf_hold.wav;;Hold it right there, boy!!!
600;.\sounds\taunts\rob\600 Sf_rload.wav;;Slow down boy. I'm trying to reload my gun...
601;.\sounds\taunts\rob\601 Sf_shoot.wav;;Stop or I'll shoot!
602;.\sounds\taunts\rob\602 sointrouble.wav;;Man, I'm so in trouble!
603;.\sounds\taunts\rob\603 financialfuture.wav;;Go! Hurry! My financial future is at stake!
604;.\sounds\taunts\rob\604 whathaveyoudone.wav;;What have you done?!?
605;.\sounds\taunts\rob\605 whatwasthat2.wav;;What was that? –I have no idea. But it would be really great if it didn't do it again.
606;.\sounds\taunts\rob\606 whyhere.wav;;I am wondering, why are you here?
607;.\sounds\taunts\rob\607 whyme.wav;;Why is it always me?
608;.\sounds\taunts\rob\608 1autodestruct.wav;;One minute to autodestruct…
609;.\sounds\taunts\rob\609 autshtdn.wav;;Auto-shutdown sequence in progress...
610;.\sounds\taunts\rob\610 3minutes.wav;;Scotty, I need warp speed in three minutes or we're all dead.
611;.\sounds\taunts\rob\611 aintafraid2die.wav;;Yeah? Well, I ain't afraid to die. I just hate being killed, that's all.
612;.\sounds\taunts\rob\612 manfallingtoground.wav;;*Cartoon sound of someone fall to the ground*
613;.\sounds\taunts\rob\613 battlywar.wav;;OK, the battle is yours, Raymond. But it's just one battle in a huge, battly, war–thing with lots of other battles.
614;.\sounds\taunts\rob\614 begone.wav;;Be gone, evil one!
615;.\sounds\taunts\rob\615 breathstinks.wav;;Ooh! Aah! That was really scary! And if you don't mind me saying, if that don't work your breath will certainly get the job done because you definitely need some Tic-Tacs or something because your breath stinks!!!
616;.\sounds\taunts\rob\616 bribe.wav;;Yes, truly, a little bribe never hurts.
617;.\sounds\taunts\rob\617 burninhell.wav;;I'm just afraid that you're going to burn in Hell for all this.
618;.\sounds\taunts\rob\618 couldbeworse.wav;;What a filthy job! –Could be worse. –How? –Could be raining...
619;.\sounds\taunts\rob\619 cristalball.wav;;Look into my crystal ball to see your future... -This is not going to work cow... -Please big brother... concentrate!
620;.\sounds\taunts\rob\620 curse.wav;;There a curse upon it! A curse I say...
621;.\sounds\taunts\rob\621 damnyou.wav;;You maniacs! You blew it up! Oh, damn you! God damn you all to hell!
622;.\sounds\taunts\rob\622 destiny.wav;;Yes, Destiny has her hand on my back -And she's pushing!
623;.\sounds\taunts\rob\623 dontpanc.wav;;Oh, don't panic! Don't panic!
624;.\sounds\taunts\rob\624 duke_this_sux.wav;;Oops. This sucks!
625;.\sounds\taunts\rob\625 everyman.wav;;Every man for himself!
626;.\sounds\taunts\rob\626 exitdoubletime.wav;;Exit double-quick time, stage right!
627;.\sounds\taunts\rob\627 goingdown.wav;;We're going down, Captain!
628;.\sounds\taunts\rob\628 hangon.wav;;All you can do at a time like this is just hang on until the scenery changes.
629;.\sounds\taunts\rob\629 hangover.wav;;Oh, boy, what a hangover!
630;.\sounds\taunts\rob\630 humiliation.wav;;Must one person's triumph be another's humiliation? -Of course.
631;.\sounds\taunts\rob\631 imafailure.wav;;I'm a failure...
632;.\sounds\taunts\rob\632 imamess.wav;;Oh, don't look at me! I'm a mess!
633;.\sounds\taunts\rob\633 imustsavemyself.wav;;I must save myself. But what can I do?!?
634;.\sounds\taunts\rob\634 Banjo1.wav;;*Banjo Melody 1*
635;.\sounds\taunts\rob\635 Banjo2.wav;;*Banjo Melody 2*
636;.\sounds\taunts\rob\636 Banjo3.wav;;*Banjo Melody 3*
637;.\sounds\taunts\rob\637 madhouse.wav;;It's a madhouse! A madhouse!
638;.\sounds\taunts\rob\638 makesomethingup.wav;;Oh, crap! We never planned for this contingency. Quick, make something up!
639;.\sounds\taunts\rob\639 ministryofpain.wav;;The Ministry Of Pain?! Aaah! We're doomed! We're all doomed!
640;.\sounds\taunts\rob\640 mostawful.wav;;Well… Yeh… Ok… That’s just about the most awful thing I’ve ever seen.
641;.\sounds\taunts\rob\641 movefast.wav;;Don't move until it opens fire, then move fast!
642;.\sounds\taunts\rob\642 myfault.wav;;You're acting like this is all my fault.
643;.\sounds\taunts\rob\643 mymistak.wav;;Oh, heh heh heh, my mistake.
644;.\sounds\taunts\rob\644 needhug.wav;;I think I need a hug.
645;.\sounds\taunts\rob\645 nevergiveup.wav;;Never give up, never surrender!
646;.\sounds\taunts\rob\646 not_yet_over.wav;;This is important. The race is not yet over!
647;.\sounds\taunts\rob\647 notfinished.wav;;I'm not finished yet!
648;.\sounds\taunts\rob\648 ohmy2.wav;;Oh, no, not again! Oh my! Oh my! Oh, my goodness gracious!
649;.\sounds\taunts\rob\649 pagesofhistory.wav;;Oh, this is one of those days which the pages of history teach us are best spent lying in bed.
650;.\sounds\taunts\rob\650 please.wav;;Oh, that'll teach me to say please.
651;.\sounds\taunts\rob\651 remembered.wav;;This is not the way how I wish to be remembered.
652;.\sounds\taunts\rob\652 s~fire.wav;;Oh, Shit fire and fuck me running!
653;.\sounds\taunts\rob\653 Sb_hrt1.wav;;Always hurting me...
654;.\sounds\taunts\rob\654 Sb_hrt3.wav;;You hurt me!
655;.\sounds\taunts\rob\655 SCreek.wav;;Damn, reckon I'm up shit creek now!
656;.\sounds\taunts\rob\656 shouldyouhearscreeming.wav;;Should you hear screaming or anything, don't worry about it!
657;.\sounds\taunts\rob\657 st_8_3.wav;;Who here wants revenge?!?
658;.\sounds\taunts\rob\658 suffer.wav;;We seem to be made to suffer, it's our lot in life.
659;.\sounds\taunts\rob\659 superherobutton.wav;;Quickly, before it's too late! Press the Superhero button!
660;.\sounds\taunts\rob\660 thanicandiehappy.wav;;Than I can die happy!
661;.\sounds\taunts\rob\661 torturingme.wav;;Why do you delight in torturing me?
662;.\sounds\taunts\rob\662 Vx_die5.wav;;It’s not over…
663;.\sounds\taunts\rob\663 werealldoomed.wav;;Ehh, e-everyone stay calm… because we're all doomed!
664;.\sounds\taunts\rob\664 whatplanet.wav;;What planet is this guy from?
665;.\sounds\taunts\rob\665 abunchofcommies.wav;;Ohh… What are you people? A bunch of communists?
666;.\sounds\taunts\rob\666 und theme 2.wav;;kn0bi da undertaker - diggin your grave!
667;.\sounds\taunts\rob\667 beast.wav;;You beast... You savage... C'mon, bark like a dog for me!
668;.\sounds\taunts\rob\668 Bk_road.wav;;Let’s hit the road neighbor!
669;.\sounds\taunts\rob\669 Ch_teas2.wav;;Ha ha ha ha, sigh
670;.\sounds\taunts\rob\670 Ch_teas1.wav;;Ooh, ha ha ha ha ha
671;.\sounds\taunts\rob\671 doesthatsuck.wav;;Oh, my gosh, does that suck.
672;.\sounds\taunts\rob\672 dontdoitatall.wav;;If you can't do something right, don't do it at all.
673;.\sounds\taunts\rob\673 dontgiveup.wav;;Ohh don’t give-up so easily. I don’t.
674;.\sounds\taunts\rob\674 dontknowme.wav;;Heh heh. He don't know me vewy well, do he?
675;.\sounds\taunts\rob\675 dontlooknow.wav;;Don't look now… but there's one man too many in this room, and I think it's you.
676;.\sounds\taunts\rob\676 dontmakemecomeoverthere.wav;;Don't make me come over there!
677;.\sounds\taunts\rob\677 duke_back_2_work_y.wav;;Get back to work, you slacker.
678;.\sounds\taunts\rob\678 duke_out_of_gum_x.wav;;It's time to kick ass and chew bubblegum... and I'm all outta gum.
679;.\sounds\taunts\rob\679 efficiency.wav;;We can teach these barbarians a lesson in Western methods and efficiency that will put them to shame. We'll show them what the British soldier is capable of doing.
680;.\sounds\taunts\rob\680 fun.wav;;Hey! This promises to be fun!
681;.\sounds\taunts\rob\681 geekboy.wav;;Leave me alone, geek-boy!
682;.\sounds\taunts\rob\682 hasbeen.wav;;I'm just an untalented old has-been. -Were you ever famous? -No. -Then how can you be a has-been?
683;.\sounds\taunts\rob\683 intolerance.wav;;Your intolerance infuriates me!
684;.\sounds\taunts\rob\684 justiceisblind.wav;;Who says justice is blind?
685;.\sounds\taunts\rob\685 landwar.wav;;Ha ha, you fool! You fell victim to one of the classic blunders!
686;.\sounds\taunts\rob\686 messyoassup.wav;;Ooh, child, he gonna mess your ass up!
687;.\sounds\taunts\rob\687 ohgoody.wav;;Oh, goody, My Illudium Pu–36 Explosive Space Modulator!
688;.\sounds\taunts\rob\688 prettyneat.wav;;Oh, you got to admit that is pretty neat.
689;.\sounds\taunts\rob\689 Sf_getya.wav;;I'm gonna get you boy!
690;.\sounds\taunts\rob\690 showingoffdont.wav;;And the next time you feel like showing off, Don't!
691;.\sounds\taunts\rob\691 shyonehorse.wav;;Well, heh heh, looks like we're, heh heh heh, looks like we're shy one horse.
692;.\sounds\taunts\rob\692 st_6_2.wav;;I think the Germans are out of real man!
693;.\sounds\taunts\rob\693 whatsitmeantobegijoe.wav;;What's it mean to be GI Joe? –America's number one fighting force, sir! –And that means? –Big muscles, sir! –And? –Big missiles, sir!
694;.\sounds\taunts\rob\694 allgay.wav;;All my friends are gay. All my friends are gay!
695;.\sounds\taunts\rob\695 assholex3.wav;;You're an asshole, you're an asshole, and you're an asshole.
696;.\sounds\taunts\rob\696 4fuck1cool.wav;;Fuck you. Fuck you. Fuck you. You're cool. And fuck you!
697;.\sounds\taunts\rob\697 Bk_bourb.wav;;Where's my bourbon?
698;.\sounds\taunts\rob\698 Bk_cheer.wav;;Why don't ya cheer Bitch!
699;.\sounds\taunts\rob\699 Bk_dienb.wav;;Die neighbor!
700;.\sounds\taunts\rob\700 Bk_dntlk.wav;;Don't you look at me!
701;.\sounds\taunts\rob\701 Bk_fun.wav;;Fun's just starting neighbor!
702;.\sounds\taunts\rob\702 Bk_keepa.wav;;Keep away from my cheerleader neighbor!
703;.\sounds\taunts\rob\703 Bk_tohel.wav;;I'll send you straight to hell neighbor!
704;.\sounds\taunts\rob\704 smelfear.wav;;I can smell your fear…
705;.\sounds\taunts\rob\705 Ch_barn.wav;;Were you raised in a barn?!?
706;.\sounds\taunts\rob\706 Ch_donit.wav;;Now you've gone and done it!
707;.\sounds\taunts\rob\707 Ch_whoop.wav;;I reckon I'm gonna have to open a can of whoop ass on you!
708;.\sounds\taunts\rob\708 Ct_get.wav;;I'm gonna get ya boy, I'm gonna get ya...
709;.\sounds\taunts\rob\709 damn.wav;;Damn... You Suck!!!
710;.\sounds\taunts\rob\710 dorkalert.wav;;Oh, god, here we go again. Dork alert!
711;.\sounds\taunts\rob\711 duke_pisses_me.wav;;This pisses me off!
712;.\sounds\taunts\rob\712 embarrassment2nature.wav;;You're an embarrassment to nature, do you know that?
713;.\sounds\taunts\rob\713 fullofcrap.wav;;You're full of crap.
714;.\sounds\taunts\rob\714 ignored.wav;;Hey, I will not be ignored!
715;.\sounds\taunts\rob\715 justthinkoftheheadache.wav;;Just think of the havoc this little succor would play on history...
716;.\sounds\taunts\rob\716 L_smonkeys.wav;;I bet this place is just crawling with their damn shit monkeys.
717;.\sounds\taunts\rob\717 Ln_bbq.wav;;I'll barbecue your ass in molasses!
718;.\sounds\taunts\rob\718 Ln_bitch.wav;;Son of a bitch!
719;.\sounds\taunts\rob\719 Ln_blow.wav;;Them boys blowed up real good!
720;.\sounds\taunts\rob\720 Ln_busy.wav;;I'm busier than a one legged man in an ass-kicking contest!
721;.\sounds\taunts\rob\721 Ln_city.wav;;City folk!
722;.\sounds\taunts\rob\722 Ln_fkyo.wav;;Screw you and the horse you rode in on!
723;.\sounds\taunts\rob\723 Ln_Hog'sbt.wav;;This is like looking up a hogs butt for a ham sandwich!
724;.\sounds\taunts\rob\724 Ln_nosht.wav;;We don’t take no shit from no suckers!
725;.\sounds\taunts\rob\725 Ln_stink.wav;;I'm on you like stink on shit!
726;.\sounds\taunts\rob\726 Ln_whup.wav;;I'm gonna have to open up a can of whoop ass on you now.
727;.\sounds\taunts\rob\727 Lnfoot.wav;;Don't make me break my foot off in your ass!
728;.\sounds\taunts\rob\728 massivewuss.wav;;You are such a massive wuss!
729;.\sounds\taunts\rob\729 myeyes.wav;;Oh, my god! My eyes! Oh, my eyes!
730;.\sounds\taunts\rob\730 onamission.wav;;We're on a mission, you nit!
731;.\sounds\taunts\rob\731 paranoid.wav;;This is an extremely primitive and paranoid culture.
732;.\sounds\taunts\rob\732 pathetic.wav;;You're useless and pathetic, like a useless and pathetic thing.
733;.\sounds\taunts\rob\733 practicemakesperfect.wav;;You might want to practice a little more…
734;.\sounds\taunts\rob\734 promqueen.wav;;Losers always whine about 'their best'. Winners go home and fuck the prom queen.
735;.\sounds\taunts\rob\735 pullpstl.wav;;Are you going to pull those pistols or whistle Dixie?
736;.\sounds\taunts\rob\736 pussyboy.wav;;So, how did you do, pussy-boy?
737;.\sounds\taunts\rob\737 ripuanewbutthole.wav;;And one more thing… The next time you talk to me like that, I'm going to rip you a new butthole so big you can be able to take a cannon up your ass.
738;.\sounds\taunts\rob\738 sickensme.wav;;I was being sarcastic, which is another big word you'll learn in school. But you wouldn't know that considering you've never attended one of this country's great educational facilities, which is a thought that just sickens me.
739;.\sounds\taunts\rob\739 silence.wav;;Silence, you mental midget!
740;.\sounds\taunts\rob\740 smackedbottom1.wav;;All right, you're going the right way for a smacked bottom.
741;.\sounds\taunts\rob\741 weirdestthing.wav;;That is the weirdest thing you have ever said.
742;.\sounds\taunts\rob\742 sonofbitch.wav;;Oh, son–of–a–b–b–– son–of–a–b–b–– son–of–a–b–b–– uh, gun. Heh, heh, heh. You thought I was going to, uh, say son–of–a–bitch, didn't you? Heh, heh.
743;.\sounds\taunts\rob\743 st_1_2.wav;;Your next!
744;.\sounds\taunts\rob\744 st_11_3.wav;;Bloody Hell!
745;.\sounds\taunts\rob\745 st_15_2.wav;;Is that all you got?!?
746;.\sounds\taunts\rob\746 good, good - then what.wav;;Good...Good... Then what!?!
747;.\sounds\taunts\rob\747 strongox.wav;;That boy's as strong as an ox. . .and just about as smart.
748;.\sounds\taunts\rob\748 surroundedbyfreaks.wav;;I am surrounded by freaks!
749;.\sounds\taunts\rob\749 thissuckerisnuclear.wav;;Are you telling me that this sucker is nuclear?!?
750;.\sounds\taunts\rob\750 threatenedyoubefore.wav;;You seem somewhat familiar. Have I threatened you before?
751;.\sounds\taunts\rob\751 throwup.wav;;I'm constantly in the state of wanting to throw up.
752;.\sounds\taunts\rob\752 usostupid.wav;;Stupid! You're so stupid!
753;.\sounds\taunts\rob\753 Vx_hurt2.wav;;Did that hurt?!?
754;.\sounds\taunts\rob\754 wanker.wav;;Why do you have to be such a wanker?
755;.\sounds\taunts\rob\755 welcome2.wav;;Welcome to my nightmare!
756;.\sounds\taunts\rob\756 bevictim.wav;;Be my victim!
757;.\sounds\taunts\rob\757 what.wav;;What would you do with a brain if you had one?
758;.\sounds\taunts\rob\758 whatareyougonnado.wav;;Just what are you sissies gonna do?!? Huh?
759;.\sounds\taunts\rob\759 whatsyourpoint.wav;;And??? What’s your point!
760;.\sounds\taunts\rob\760 whoopass.wav;;Don't make me open a can of Whoop-Ass, buster!
761;.\sounds\taunts\rob\761 worldfavor.wav;;Why don't you do the world a favor? Pull your lip over your head and swallow.
762;.\sounds\taunts\rob\762 youreasucker.wav;;You're a sucker!!!
763;.\sounds\taunts\rob\763 ambitious.wav;;Are you blackmailing me, you ambitious shit?
764;.\sounds\taunts\rob\764 asifwecare.wav;;As if we care.
765;.\sounds\taunts\rob\765 betterthanthis.wav;;It just doesn't get better than this, does it?
766;.\sounds\taunts\rob\766 bigman.wav;;Big mouth don't make a big man.
767;.\sounds\taunts\rob\767 bigwords.wav;;Stop now! Or I shall use more big words at you.
768;.\sounds\taunts\rob\768 bitnice.wav;;That wasn’t a bit nice!
769;.\sounds\taunts\rob\769 Bk_pleas.wav;;Don't say please neighbor!
770;.\sounds\taunts\rob\770 Bk_shtup.wav;;Shut up cheer-bitch!
771;.\sounds\taunts\rob\771 Bk_tryin.wav;;Shut up cheer girl. I'm trying to kill somebody here!
772;.\sounds\taunts\rob\772 chillthat.wav;;Chill that you pile of crap!
773;.\sounds\taunts\rob\773 dizzy.wav;;I'm gonna hit you so hard it'll make your ancestors dizzy.
774;.\sounds\taunts\rob\774 dontfuck.wav;;Don’t fuck with me fellows!
775;.\sounds\taunts\rob\775 dontslap.wav;;Don't you slap me no more. We clear on that?
776;.\sounds\taunts\rob\776 dontstartfights.wav;;Ladies do not start fights… But they can finish them!
777;.\sounds\taunts\rob\777 learned.wav;;You have learned much, young one.
778;.\sounds\taunts\rob\778 dramaking.wav;;Oh, stop being such a drama king.
779;.\sounds\taunts\rob\779 duke_blow_it_x.wav;;Blow it out your ass!
780;.\sounds\taunts\rob\780 duke_come_get_some_x.wav;;Come get some!
781;.\sounds\taunts\rob\781 no sense.wav;;That plan makes no sense!
782;.\sounds\taunts\rob\782 father.wav;;No, I am your father.
783;.\sounds\taunts\rob\783 fkngidot.wav;;Personally, I think you're a fucking idiot.
784;.\sounds\taunts\rob\784 xsqueeze.wav;;X'squeeze me.
785;.\sounds\taunts\rob\785 friendlyargument.wav;;It's all right. It's all right, mate. We're just having a friendly little argument.
786;.\sounds\taunts\rob\786 fudgem.wav;;Wife got you down? Boss makin' you angry? Kids yellin' at you? Well, Fudge 'Em!
787;.\sounds\taunts\rob\787 greatscott.wav;;Great Scott!
788;.\sounds\taunts\rob\788 hurtme.wav;;Why do you say things that you know will hurt me?!?
789;.\sounds\taunts\rob\789 hushmouth.wav;;Hush your mouth!
790;.\sounds\taunts\rob\790 knack.wav;;Boy, oh boy, you got a knack for getting yourself out of trouble.
791;.\sounds\taunts\rob\791 laughwhileucan.wav;;Laugh while you can, monkey-boy!
792;.\sounds\taunts\rob\792 Ln_bull.wav;;Ya screw with the bull, ya get the horn!
793;.\sounds\taunts\rob\793 Ln_stank.wav;;My head hurts, my feet stink and I don't love Jesus!
794;.\sounds\taunts\rob\794 madashell.wav;;I'm as mad as hell, and I'm not going to take this anymore!
795;.\sounds\taunts\rob\795 mistake2.wav;;You do and it'll be the biggest mistake you ever made, you Texas brush popper!
796;.\sounds\taunts\rob\796 mocking.wav;;You're mocking me, aren't you?
797;.\sounds\taunts\rob\797 mthshut.wav;;Maybe that'll learn ya to keep your big mouth shut!
798;.\sounds\taunts\rob\798 nasty.wav;;Oh, that is nasty!
799;.\sounds\taunts\rob\799 zoo.wav;;What do you think this is?!? A zoo?!?
800;.\sounds\taunts\rob\800 nobodytellsme.wav;;I don't know what kind of people you're used to dealing with. Nobody tells me what to do in my place.
801;.\sounds\taunts\rob\801 notcricket.wav;;Do not speak to me of rules. This is war! This is not a game of cricket!
802;.\sounds\taunts\rob\802 noterror.wav;;There is no terror in your threats.
803;.\sounds\taunts\rob\803 notlistening.wav;;Don't bother responding. We're not listening.
804;.\sounds\taunts\rob\804 ohreally.wav;;Oh, really?!?
805;.\sounds\taunts\rob\805 peopleskills2.wav;;You know, we have to work on your people skills.
806;.\sounds\taunts\rob\806 point2this.wav;;I'm sure there's a point to all of this.
807;.\sounds\taunts\rob\807 poontang.wav;;Yeah, I could use some goddamn poontang, myself, right now.
808;.\sounds\taunts\rob\808 ratsass.wav;;The answers to these questions, and more, on next week's episode of Who Gives A Rat's Ass.
809;.\sounds\taunts\rob\809 Sf_over.wav;;I said get over here boy!
810;.\sounds\taunts\rob\810 shdntlaf.wav;;We shouldn't laugh. -We really shouldn't.
811;.\sounds\taunts\rob\811 someoneelseannoy.wav;;Oh, isn't there someone else you can annoy? Friends? Family? Poisonous reptiles?
812;.\sounds\taunts\rob\812 st_9_2.wav;;You’re crazy!
813;.\sounds\taunts\rob\813 takeyourbestshot.wav;;Take your best shot.
814;.\sounds\taunts\rob\814 thinkyourenuts.wav;;I think you're nuts, but this isn't the best time to argue.
815;.\sounds\taunts\rob\815 tickevil.wav;;Villains, I say to you now, knock off all that evil!
816;.\sounds\taunts\rob\816 tsktsk.wav;;Tsk, tsk. –Yeah, tsk. –And another tsk!
817;.\sounds\taunts\rob\817 Vx_baby2.wav;;Oh, poor baby...
818;.\sounds\taunts\rob\818 Vx_bring.wav;;Bring it on!
819;.\sounds\taunts\rob\819 worstthing.wav;;Well, if that is the worst thing that happens today, I'll be thrilled.
820;.\sounds\taunts\rob\820 dreddlaw.wav;;I am ‘The Law’!
821;.\sounds\taunts\rob\821 wav69.wav;;It’s a lie…the evidence have been falsified. I never broke the law, I am the law!
822;.\sounds\taunts\rob\822 whatthehell2.wav;;What the hell are you talking about?!?
823;.\sounds\taunts\rob\823 whatwasthat.wav;;What was that?!?
824;.\sounds\taunts\rob\824 whogives.wav;;Who gives a shit?!?
825;.\sounds\taunts\rob\825 willnot.wav;;I will not be pushed, filed, stamped, indexed, briefed, debriefed, or numbered!
826;.\sounds\taunts\rob\826 wonthurt.wav;;Now, this won't hurt a bit.
827;.\sounds\taunts\rob\827 2010_02.wav;;What's going to happen? Something wonderful...
828;.\sounds\taunts\rob\828 allyourbase.wav;;All your base are belong to us!
829;.\sounds\taunts\rob\829 andnow.wav;;And now, you die!
830;.\sounds\taunts\rob\830 appraisl.wav;;The Emperor does not share your optimistic appraisal of the situation.
831;.\sounds\taunts\rob\831 badthing.wav;;Ooh, I done a bad thing.
832;.\sounds\taunts\rob\832 imabadboy.wav;;Oohhoho I am a bad boy… A very bad boy…
833;.\sounds\taunts\rob\833 reflexes.wav;;It’s all in the reflexes!
834;.\sounds\taunts\rob\834 Sf_hands.wav;;Hands up, son!
835;.\sounds\taunts\rob\835 st_5_2.wav;;They’re a bunch of cowards!
836;.\sounds\taunts\rob\836 st_8_2.wav;;This is too easy!!!
837;.\sounds\taunts\rob\837 startrunning.wav;;It's time to start running!
838;.\sounds\taunts\rob\838 strengthirrelevant.wav;;Strength is irrelevant. Resistance is futile. We wish to improve ourselves. We will add your biological and technological distinctiveness to our own. Your culture will adapt to service ours.
839;.\sounds\taunts\rob\839 freedomirrelevant.wav;;Freedom is irrelevant. Self-determination is irrelevant. You must comply.
840;.\sounds\taunts\rob\840 xterm01.wav;;Exterminate! Annihilate! Destroy!
841;.\sounds\taunts\rob\841 itisdone.wav;;It is done imperious leader
842;.\sounds\taunts\rob\842 obey2.wav;;The choice is yours: obey me and live, or disobey and die.
843;.\sounds\taunts\rob\843 unhapend.wav;;Well, you're just in time for what might be a very unhappy ending.
844;.\sounds\taunts\rob\844 despot.wav;;The entire world will beg to bow before me, their charismatic despot!
845;.\sounds\taunts\rob\845 destroy1.wav;;There is no escape...
846;.\sounds\taunts\rob\846 donttellme.wav;;Don't tell me you didn't see that coming...
847;.\sounds\taunts\rob\847 duke_gotta_hurt.wav;;Ooo, that's gotta hurt!
848;.\sounds\taunts\rob\848 duke_mess.wav;;Heh, heh, heh. What a mess!
849;.\sounds\taunts\rob\849 takapicture.wav;;Why don't you take a picture? It'll last longer, ha ha!
850;.\sounds\taunts\rob\850 future.wav;;Gentlemen, I give you the future.
851;.\sounds\taunts\rob\851 hmmm blabla.wav;;Hmm. Blah-blah-blah...
852;.\sounds\taunts\rob\852 getnothing.wav;;So you get nothing! You lose! Good day, sir!
853;.\sounds\taunts\rob\853 victoryismine.wav;;At last, victory is mine!
854;.\sounds\taunts\rob\854 leavemealone.wav;;I told you people to leave me alone… I told you to beat it!
855;.\sounds\taunts\rob\855 lesson4u.wav;;Well, there's a lesson for you...
856;.\sounds\taunts\rob\856 letthatbealesson.wav;;Let that be a lesson to the two of you little…
857;.\sounds\taunts\rob\857 Ln_sob.wav;;Die you son of a bitch!
858;.\sounds\taunts\rob\858 wereallhere.wav;;We're all here to do what we're all here to do.
859;.\sounds\taunts\rob\859 oohbusted.wav;;Ooh, busted!
860;.\sounds\taunts\rob\860 peepldie.wav;;Some people die before their time, so that others can live… It’s a cornerstone of civilization.
861;.\sounds\taunts\rob\861 Jukebox.wav;;*Jukebox*
862;.\sounds\taunts\rob\862 intruder.wav;;Intruder alert! Intruder alert!
863;.\sounds\taunts\rob\863 redalert1.wav;;Red alert! Red alert!
864;.\sounds\taunts\rob\864 secalert.wav;;Security alert, all decks!
865;.\sounds\taunts\rob\865 tarzan.wav;;*Tarzan-yell*
866;.\sounds\taunts\rob\866 slippedmymind.wav;;Well you know huh, it must have slipped my mind!
867;.\sounds\taunts\rob\867 anyquestionsladies.wav;;Any questions! ladies? Nooo?!? Well I didn’t think so… tataa that’s the real end.
868;.\sounds\taunts\rob\868 goodevil.wav;;Now you see that evil will always triumph, because good is dumb!
869;.\sounds\taunts\rob\869 goodshow.wav;;Good show… Jolly good show Major!
870;.\sounds\taunts\rob\870 grudge.wav;;I thought you said you don't hold a grudge. -I don't. I have no surviving enemies. . .at all.
871;.\sounds\taunts\rob\871 hal_bye.wav;;This conversation can serve no purpose anymore, goodbye.
872;.\sounds\taunts\rob\872 littlepeople.wav;;I'd like to thank all the little people I stepped on to get where I am today.
873;.\sounds\taunts\rob\873 neverhappened.wav;;Uh, l-let's pretend like this never happened.
874;.\sounds\taunts\rob\874 st_16_2.wav;;Good job, Lads!
875;.\sounds\taunts\rob\875 okloveya.wav;;OK, Love you… Bye-Bye
876;.\sounds\taunts\rob\876 phewthatwasclose.wav;;Phew, well that was close, we was nearly eaten alive!
877;.\sounds\taunts\rob\877 neverrest.wav;;I shall never rest until I bring him to justice.
878;.\sounds\taunts\rob\878 thankyou2.wav;;Ladies and gentlemen, my mother thanks you... my father thanks you... my sister thanks you... and I thank you.
879;.\sounds\taunts\rob\879 Do you want MoR.wav;;"Do you want MoR?!? Check out:
Http://www.mastersleague.net"
880;.\sounds\taunts\rob\880 - Don't be alarmed.wav;;Hello, we’re your new neighbours, don’t be alarmed, we’re Negroes.
881;.\sounds\taunts\rob\881 - Want something.wav;;Y’all want something
882;.\sounds\taunts\rob\882 - Wtf's going on here.wav;;What the fuck’s going on here
883;.\sounds\taunts\rob\883 - who tf are you.wav;;Who the fuck are you, what you doing here
884;.\sounds\taunts\rob\884 - Power ranger stuck up my ass.wav;;I got a power ranger stuck up my ass
885;.\sounds\taunts\rob\885 - You two mofo need Jesus.wav;;You two motherfuckers need Jesus ………. Cover your ears baby
886;.\sounds\taunts\rob\886 - Bottom line.wav;;Bottom line, I will knock you the fuck out
887;.\sounds\taunts\rob\887 - Lets finish strong.wav;;Oh yeah, let’s finish strong
888;.\sounds\taunts\rob\888 - Not that easy.wav;;Hey man, it’s not that easy. If it was that easy you guys would be doing it.
889;.\sounds\taunts\rob\889 - Hey does it look like i care.wav;;Hey, does it look like I care.
890;.\sounds\taunts\rob\890 - Hey you want me to yell.wav;;Hey, you want me to yell at you? Cos I can do that
891;.\sounds\taunts\rob\891 - Freeze mother bitches.wav;;Freeze mother bitches! …. Don’t you move
892;.\sounds\taunts\rob\892 - I blow you.wav;;I blow you then I blow yooou.
893;.\sounds\taunts\rob\893 - Ooh shit.wav;;Ooh shit !
894;.\sounds\taunts\rob\894 - So sad.wav;;So sad
895;.\sounds\taunts\rob\895 - That was cool.wav;;That was cool
896;.\sounds\taunts\rob\896 - I need some details.wav;;Awww c’mon, I need some details. You get some booby, some assy, a pull on your poi poi? C’mon
897;.\sounds\taunts\rob\897 - beautifuleyes.wav;;You have beautiful eyes
898;.\sounds\taunts\rob\898 - iloveyou.wav;;I love you
899;.\sounds\taunts\rob\899 - Valkurie_intro.wav;;*Ride of the Valkyrie*
900;.\sounds\taunts\rob\900 nokaboom.wav;;Where is the KABOOM??? There were supposed to be an earth shuttering KABOOM!!!
901;.\sounds\taunts\rob\901 ct_affirm.wav;;Affirmative.
902;.\sounds\taunts\rob\902 negative.wav;;Negative.
903;.\sounds\taunts\rob\903 maybe.wav;;Maaaaaybeeeeee... you'll think of meeeee, when you are all alone...
904;.\sounds\taunts\rob\904 crying.wav;;*Baby crying*
905;.\sounds\taunts\rob\905 ply.wav;;Let's play some Tetris motherfucker!
906;.\sounds\taunts\rob\906 specialol.wav;;Darrrr. Durrrr. I wanna be in the Special Olympics.
907;.\sounds\taunts\rob\907 whiz.wav;;Don't whiz on the electric fence.
908;.\sounds\taunts\rob\908 gaym sux.wav;;Thiz Gaym sux!!!
909;.\sounds\taunts\rob\909 dac.wav;;It's a bomb, Duck And Cover!
910;.\sounds\taunts\rob\910 bloodycats.wav;;Bloody things, I hate those bloody cats. They meow, they piss everywhere and their shit smells just bloody awful.
911;.\sounds\taunts\rob\911 Fishversions.wav;;I don't bloody believe it. They've got fish-versions of that little bastards now.
912;.\sounds\taunts\rob\912 villagers.wav;;Oh, shit! The villagers again...
913;.\sounds\taunts\rob\913 Enjoyable Game.wav;;Thank you for a very enjoyable game.
914;.\sounds\taunts\rob\914 suck again.wav;;Oh no! We suck again!!
915;.\sounds\taunts\rob\915 furself.wav;;Why don't you go outside and play hide and go fuck yourself?
916;.\sounds\taunts\rob\916 ninja.wav;;*Ninja*
917;.\sounds\taunts\rob\917 Thats it man Game Over.wav;;That's it man, GAME OVER MAN, Game Over!!
918;.\sounds\taunts\rob\918 doh doh doh.wav;;D'oh! D'oh! D'oh! D'oh! D'oh! D'oh! D'oh! D'oh! D'oh! D'oh! D'oh! D'oh! D'oh! D'oh! D'oh!
919;.\sounds\taunts\rob\919 Twilight Zone.wav;;*Twilight Zone theme*
920;.\sounds\taunts\rob\920 Always look on the bright side of life.wav;;And... always look on the bright side of life... *whistle* Come on!
921;.\sounds\taunts\rob\921 Go ahead make my day.wav;;Go ahead, make my day!
922;.\sounds\taunts\rob\922 who needs english.wav;;Pffft! English who needs that, i'm never going to England!
923;.\sounds\taunts\rob\923 Whos the Man Huh.wav;;Who's the man, huh!? Who's the MAN!?
924;.\sounds\taunts\rob\924 Houston we have a problem.wav;;Houston, we have a problem.
925;.\sounds\taunts\rob\925 Artoo says that chances of survival are 725 to 1.wav;;Artoo says that chances of survival are 725 to 1.
926;.\sounds\taunts\rob\926 Banzai.wav;;Banzai!
927;.\sounds\taunts\rob\927 you're my hero.wav;;You're my hero!
928;.\sounds\taunts\rob\928 Roggan.wav;;Roggan.
929;.\sounds\taunts\rob\929 Raiding Party.wav;;Raiding Party!!!
930;.\sounds\taunts\rob\930 wololo.wav;;Wololo!
931;.\sounds\taunts\rob\931 laugh.wav;;Ahahahahahahahahahaha uh!!
932;.\sounds\taunts\rob\932 respect.wav;;People have got to show the appropriate levels of respect. When you step outta line, you can expect to be respected... back.
933;.\sounds\taunts\rob\933 bestbud.wav;;I'll do anything for you! Cause you is my bestest buddy in the whoooole wide world!!
934;.\sounds\taunts\rob\934 ruleno1.wav;;Rule number one: My way, or he's a dead Motherf%#¤'s way. There ain't no more rules.
935;.\sounds\taunts\rob\935 crocket.wav;;Let's see how you like my cock rocket ... COCK ROCKET!!!
936;.\sounds\taunts\rob\936 unbloody dead.wav;;Bloody undead! Un-bloody dead! I mean, it's even worse than bloody cats! Undead! What's the bloody point?!
937;.\sounds\taunts\rob\937 sue.wav;;I tell ya, life aint easy for a boy named Sue.
938;.\sounds\taunts\rob\938 war.wav;;That's right. It's war once again... We are fighting an enemy like we have never encountered before. They're evil beyond reproach. Where they've come from? I don't know. We need to send them back to wherever it was.
939;.\sounds\taunts\rob\939 killed_kenny.wav;;Oh my god! They killed Kenny! You bastards!!!
940;.\sounds\taunts\rob\940 killtomato-song.wav;;*Attack of the Killer Tomatoes theme*
941;.\sounds\taunts\rob\941 a-team.wav;;*A-Team theme*
942;.\sounds\taunts\rob\942 jamesbond.wav;;*James Bond theme*
943;.\sounds\taunts\rob\943 bananaphone.wav;;Ding-a-ling-ling-ling-ling-ling-ling-ling! Boo-ba-doo-ba-doop! Boo-ba-doo-ba-doop! Ring ring ring ring ring ring ring banana phone! Ring ring ring ring ring ring ring banana phone!!
944;.\sounds\taunts\rob\944 bananaphone2.wav;;Ring ring ring ring ring ring ring banana phone. Ding dong ding dong ding dong ding banana phone. It grows in bunches, I've got my hunches, It's the best! Beats the rest! Cellular, Modular, Interactivodular!
945;.\sounds\taunts\rob\945 ct_backup.wav;;Need backup!
946;.\sounds\taunts\rob\946 howdy.wav;;Howdy-ho!
947;.\sounds\taunts\rob\947 roger.wav;;Roger that!
948;.\sounds\taunts\rob\948 sabre_dance.wav;;*Sabre Dance*
949;.\sounds\taunts\rob\949 lovely countdown.wav;;Oooh, and what is that? A lovely countdown. I wonder what's going to happen now...
950;.\sounds\taunts\rob\950 mario.wav;;It's-e me! Mario!
951;.\sounds\taunts\rob\951 pikachu3.wav;;Pikachu!
952;.\sounds\taunts\rob\952 pikasong.wav;;Pi, pika pikachu. Pi, pi-ka pikachu. Pi, pika pikachu. Pi pi-ka chaaaaaaa!
953;.\sounds\taunts\rob\953 elephants.wav;;Ohhhh, elephants, yeah! Elephants, yeah!
954;.\sounds\taunts\rob\954 elephantsyeah.wav;;Ohhhhhhhhhhhhhhhhh, EeeeeeeeeeeeeleeeeeeeeeeeeeePHANTS YEAAAAAAAAAHHHHHHHHHHHHH!!!
955;.\sounds\taunts\rob\955 disco.wav;;Burn, baby, burn! - Disco Inferno! - Burn, baby, burn! Burn that Mama down! Burn, baby, burn! - Disco Infernooo, yeah - Burn, baby, burn! Burn thah Mama down!
956;.\sounds\taunts\rob\956 fuhrersface.wav;;"When der Führer says: ""We iz de Master race"", we Heil!, Heil!, right in the Führer's face! Not to love the Führer is a great disgrace, so we Heil!, Heil!, right in the Führer's face!"
957;.\sounds\taunts\rob\957 dogout.wav;;Who let the dogs out!? Who, who, who, who? Who let the dogs out!? Who, who, who, who? Who let the dogs out!?
958;.\sounds\taunts\rob\958 pok2.wav;;Pokémon, (Gotta catch'em all!) A heart so true, our courage will pull us through. You teach me and I'll teach you. Po-ké-mon! Gotta catch'em all, gotta catch'em all. Pokémon!!!
959;.\sounds\taunts\rob\959 konnichiwa.wav;;KONNICHIWAAAAAA! Guys do it. Guys do it. Guys do it... Hoia! Hoia! Hoia!....
960;.\sounds\taunts\rob\960 marseillese.wav;;Aux armes, citoyens! Formez vos bataillons! Marchons, marchons, qu'un sang impur abreuve nos sillons!!
961;.\sounds\taunts\rob\961 greatmightypoo.wav;;Mememememe... I am the Great Mighty Poo and I'm going to throw my shit at you. A huge supply of tish come from my chocolate starfish. How about some scat, you little twat?
962;.\sounds\taunts\rob\962 finland.wav;;Finland, Finland, Finland. The country where I want to be, pony trekking or camping, or just watching TV... Finland, Finland, Finland, it's the country for me.
963;.\sounds\taunts\rob\963 ilike`-´.wav;;I like Chinese. I like Chinese, they only come up to your knees, yet they're always friendly and they're ready to please. `-´
964;.\sounds\taunts\rob\964 america.wav;;America, fuck yeah! Coming again to save the motherfucking day, yeah!
965;.\sounds\taunts\rob\965 bad boys.wav;;Bad boys, bad boys! Whatcha gonna do, whatcha gonna do, when they come for you?
966;.\sounds\taunts\rob\966 young_man.wav;;Young man! There's no need to feel down. I said, young man! Pick yourself off the ground! I said, YOUNG MAN! 'Cause you're in a new town! There's no need to be unhappy!
967;.\sounds\taunts\rob\967 navy.wav;;In the navy! Yes, you can sail the seven seas. In the navy! Yes, you can put your mind at ease. In the navy! Come on now, people, make a stand. In the navy, in the navy! Can't you see we need a hand.
968;.\sounds\taunts\rob\968 Macho man.wav;;Macho, macho man! (MACHO MAN!) I've got to be, a macho man! Macho, MACHO MAN! I've got to be a macho! Ow....
969;.\sounds\taunts\rob\969 ymca.wav;;It's fun to stay in the Y-M-C-A! It's fun to stay in the Y-M-C-A! They have everything for you men to enjoy, you can hang out with all the boys ... It's fun to stay in the Y-M-C-A! It's fun to stay in the Y-M-C-A-A!
970;.\sounds\taunts\rob\970 homer meow meow meow.wav;;Meow meow meow meow meow meow meow meow meow meow meow meow meow meow meow meow!
971;.\sounds\taunts\rob\971 beotches.wav;;Hello again my hacker beotches. Ramzi in da hizz house.
972;.\sounds\taunts\rob\972 warez.wav;;Ok, lets find some Ware...Ez.. I will search for Bonzi Buddy....
973;.\sounds\taunts\rob\973 its adolf.wav;;I'm Mason Dixon and this is... My god it's Adolf Hitler!!!
974;.\sounds\taunts\rob\974 gutenmorgenhitler.wav;;This is Sam Smith. He's our undercoverexpert! He's only disguised as Adolf Hitler... Guten Morgen Herr Hitler ... Sprechen sie deutsch?
975;.\sounds\taunts\rob\975 tomatoes are fags.wav;;This is Man versus Vegetable. - Technically sir, tomatoes are fags. He means fruits. Ahh fruits... See what I mean....
976;.\sounds\taunts\rob\976 i love to singa.wav;;"I love to sing-a. About the moon-a and the June-a and the spring-a. I love to sing-a. About a sky of blue-a, or a tea for two-a. Anything-a with a swing-a to an ""I love you-a"". I love to, I love to sing!"
977;.\sounds\taunts\rob\977 germans_arrived.wav;;The Germans have arrived.
978;.\sounds\taunts\rob\978 real world.wav;;Welcome - to the real world.
979;.\sounds\taunts\rob\979 made a mistake.wav;;You made a mistake, and that was entirely unacceptable
980;.\sounds\taunts\rob\980 taking fire.wav;;Taking fire, need assistance!
981;.\sounds\taunts\rob\981 fire in the hole.wav;;Fire in the hole!
982;.\sounds\taunts\rob\982 i need help.wav;;I need help!
983;.\sounds\taunts\rob\983 i luv ya man.wav;;I luv ya, man!
984;.\sounds\taunts\rob\984 bluepill.wav;;Why oh why didn't I take the BLUE pill?
985;.\sounds\taunts\rob\985 force.wav;;The Force will be with you, always.
986;.\sounds\taunts\rob\986 gowest.wav;;(Go west!) Life is peaceful there. (Go west!) Lots of open air. (Go west!) To begin life new, (Go west!) This is what we'll do.
987;.\sounds\taunts\rob\987 you're very brave.wav;;You're very brave, when you're killing unarmed farmers!
988;.\sounds\taunts\rob\988 jail.wav;;"If you were in the county jail, the first thing they'll do is look at those tennis shoes. And then some guy of a different race, probably ten times bigger then you, ALL MUSCLE and says ""I want those shoes""..."
989;.\sounds\taunts\rob\989 garrison-you_go_to_hell.wav;;You go to Hell! You go to Hell and you die!
990;.\sounds\taunts\rob\990 damnit.wav;;Goddamnit!
991;.\sounds\taunts\rob\991 cartman-son_of_a_bitch_2.wav;;Ahh, son of a bitch!
992;.\sounds\taunts\rob\992 garrison-you_talkin_to_me.wav;;You talkin' to me? I don't see anyone else around here, so you must be talkin to me...
993;.\sounds\taunts\rob\993 grandpa-kill_me_god_damn_it.wav;;Kill me, goddamnit!
994;.\sounds\taunts\rob\994 cartman-oh_look_another_hippie.wav;;Oh, look, another hippie.
995;.\sounds\taunts\rob\995 anos.wav;;My anus is bleeding. Yaaaaaaay!
996;.\sounds\taunts\rob\996 Empty your mind.wav;;Empty your mind, be formless. Shapeless, like water. Now, you put water into a cup, it becomes the cup. You put water into a bottle it becomes the bottle. You put it in a teapot it becomes the teapot... Be water, my friend.
997;.\sounds\taunts\rob\997 kikrazz.wav;;Tey may kik r azz, but tey'll nevfr kik our FREEDUM!!!!!
998;.\sounds\taunts\rob\998 braveheart.wav;;Would you be willing to trade all the days from this day to that for one chance -- just one chance -- to come back here and tell our enemies that they may take our lives, but they'll never take our freedom!!
999;.\sounds\taunts\rob\999 i_love_horses.wav;;I love horses, best of all the animals! I love horses, they're my friends!
